ID,SMILES,Outcome
1,NC(=O)C1N=NN(CC2=CC(Cl)=C(C(=O)C3=CC=C(Cl)C=C3)C(Cl)=C2)C=1N,1.0
2,FC(F)(F)OC1=CC=C2N=C(C3=CC=C(OCCOCCOC4=CC=C(C5=NC6=CC=C(OC(F)(F)F)C=C6N5)N=C4)C=N3)NC2=C1,1.0
3,CC1=CC(C)=C(NC2=CC=NC(NC3=CC=C(C#N)C=C3)=N2)C(C)=C1,1.0
4,CC(C1CCCCC1)N1C(C2=CC3=C(OCO3)C=C2Br)=NC2=CC(C(=O)NC3=CC=C(C#N)C=C3)=CC=C12,1.0
5,COC1C=CC=C2C(NCC3=CC=CC=C3)=NC(N3C(N)=NC4=CC=CC=C34)=NC=12,1.0
6,COC1=CC=CC2=C1CCCC2CCCN1CCN(C2CCCCC2)CC1,1.0
7,C=CCNC1N=C(NCC=C)N=C(N2CCN(C(C3=CC=C(F)C=C3)C3=CC=C(F)C=C3)CC2)N=1,1.0
8,CC(C)CC(C=O)NC(=O)C(CC(C)C)NC(=O)C(CC(C)C)NC(=O)OCC1=CC=CC=C1,1.0
9,C#CCC(CC1=CN=C2N=C(N)N=C(N)C2=N1)C1=CC=C(C(=O)NC(CCC(=O)O)C(=O)O)C=C1,1.0
10,CCCCCCCCCCCCCCCC[N+]1=CC=CC=C1,1.0
11,CCCCCCCCCCCCCCCCCC[S+](CCC)C1=CC=CC=C1C(=O)OCC,1.0
12,COC1=CC=CC2=C1C(=O)C1=C(O)C3=C(CC(O)(C(C)=O)CC3OC3CC(N)C(O)C(C)O3)C(O)=C1C2=O,1.0
13,O=S(=O)(NCC1CC1)C1=CC=C(NC2N=CC=C(N3CCCC4=CC(O)=CC=C34)N=2)C=C1,1.0
14,Cc1cc(O)c2c3c4c5c(c2=O)c(O)cc(O)c5c2c5c(c(cc2O)O)c(=O)c2c(O)cc(C)c(c13)c2c45,1.0
15,NCCCCC(NC(CCC1=CC=CC=C1)C(=O)O)C(=O)N1CCCC1C(=O)O,1.0
16,CC1=CC=CC2=C1CCC(CN1CCC(C3=C(Cl)C=CC=C3Cl)CC1)CC2O,1.0
17,Nc1nc(=S)c2nc[n](C3OC(CO)C(O)C3O)c2[nH]1,1.0
18,CNC(=O)C1=CC(OC2=CC=C(NC(=O)NC3=CC=C(Cl)C(C(F)(F)F)=C3)C(F)=C2)=CC=N1,1.0
19,CN(CC1=CN=C2N=C(N)N=C(N)C2=N1)C1=CC=C(C(=O)NC(CCC(=O)O)C(=O)O)C=C1,1.0
20,COc1cc(OC)c2c(=O)[nH]c(C3=CC(C)=C(OCCO)C(C)=C3)nc2c1,1.0
21,CCN(CCO)CCCC(C)NC1=CC=NC2=CC(Cl)=CC=C12,1.0
22,CC1N=CSC=1C1=CC=C(CNC(=O)C2CC(O)CN2C(=O)C(NC(=O)COCCOCCOCCNC(=O)CC2N=C(C3=CC=C(Cl)C=C3)C3=C(SC(C)=C3C)N3C(C)=NN=C23)C(C)(C)C)C=C1,1.0
23,C=CC(C)CC1NC(=O)C(CC(C)C)N(C)C(=O)C(C)N(C)C(=O)C(C(C)CC)NC(=O)C(C(O)C(C)C)NC(=O)C2CCCCN2C(=O)C(C)N(C)C1=O,1.0
24,CCC1=CC=C(CCOC2=CC=C(CC3SC(=O)NC3=O)C=C2)N=C1,1.0
25,CC(C)CC(NC(=O)C(NC(=O)C1=CC=CC(C2=CC=CC=C2)=N1)C(C)O)B(O)O,1.0
26,COC1=CC=C(c2cc3c(C)nc(N)nc3[n](C3CCC(OCCO)CC3)c2=O)C=N1,1.0
27,CCN(CC)CCOC1CCC2(C)C(=CCC3C4CCC(=O)C4(C)CCC32)C1,1.0
28,CC1NC(C=C2C(=O)NC3=CC=CC=C23)=C(C)C=1CCC(=O)O,1.0
29,FC(F)(F)C1=CC=CC(NC2N=C(NCCOC3=CC=CC=C3)N=C3NC=NC=23)=C1,1.0
30,CC(CS)C(=O)N1CCCC1C(=O)O,1.0
31,CC1=NOC2=C1C1=CC=CC=C1C(C1=CC=C(Cl)C=C1)=NC2CC(N)=O,1.0
32,NC1=NC(N)=C2N=C(CNC3=CC=C(C(=O)NC(CCC(=O)O)C(=O)O)C=C3)C=NC2=N1,1.0
33,N=C(N)NC1=CC=C(C(=O)OC2=CC=C3C=C(C(=N)N)C=CC3=C2)C=C1,1.0
34,CCCCCCCCN=c1cc[n](CCCCCCCCCC[n]2ccc(=NCCCCCCCC)cc2)cc1,1.0
35,CCC(CC#N)OC(=O)NC(C)C1=CC=CC(NC(=O)NC2=CC=C(C3=CN=CO3)C(OC)=C2)=C1,1.0
36,CCC(C(=O)C(C)C(O)C(C)C1OC(C(CC)C(=O)O)CCC1C)C1OC2(C=CC(O)C3(CCC(C)(C4CCC(O)(CC)C(C)O4)O3)O2)C(C)CC1C,1.0
37,CCCCCCCCCCCCOCCOCCOCCOCCOCCOCCOCCOCCOCCO,1.0
38,S=C(NCC1=CC=C2C(OCO2)=C1)N1CCN(C2N=CN=C3C=2OC2=CC=CC=C23)CC1,1.0
39,CC(C)(C)CN1C(N)=NC2=CC=C(C3NC(C(C)(C)C)=NC=3C3=CC=C(F)C=C3)N=C12,1.0
40,CC1N=C(OCCCCCN2CCCCC2)C=C(C2=CC=C(F)C=C2)N=1,1.0
41,COC1=CC(C(NC2=NC(=O)C(CC(=O)NC3=CC=C(C(=O)O)C=C3)S2)c2c(O)[nH]c(=O)[nH]c2=O)=CC=C1O,1.0
42,COC1=CC(NCC2=CC=C3N=C(N)N=C(N)C3=C2C)=CC(OC)=C1OC,1.0
43,CCN(CC)c1ccc2cc(C3=NC4=CC=CC=C4N3)c(=O)oc2c1,1.0
44,O=C1OC2(C3=CC=C(O)C=C3OC3=CC(O)=CC=C23)C2=CC=CC=C12,1.0
45,CN1C=NC(C2=CC3=NC=CC(OC4=CC=C(NC(=S)NC(=O)CC5=CC=CC=C5)C=C4F)=C3S2)=C1,1.0
46,O=c1[nH]c(NC2=CC(F)=CC(F)=C2)nc2cc(Cl)ccc12,1.0
47,COC1=CC=CC=C1C(C[n]1c(=O)[n](C(C)(C)C(=O)O)c(=O)c2c(C)c(C3=NC=CO3)sc12)OC1CCOCC1,1.0
48,CC(=O)C1(N)CC2=C(O)C3=C(C(O)=C2C(OC2CC(O)C(O)CO2)C1)C(=O)C1=CC=CC=C1C3=O,1.0
49,CC(NC1N=C(N2CCNCC2)N=C2C=CC=CC=12)C1=C(F)C=CC=C1F,1.0
50,CC1=NC2C=NC3=CC=C(C#CC4=CC=CN=C4)C=C3C=2N1C1=CC=C(C(C)(C)C#N)C=C1,1.0
51,NC1=NC(NC2=CC=C3C(CCC(N4CCCC4)CC3)=C2)=NN1C1C=C2C(C3=CC=CC=C3CCC2)=NN=1,1.0
52,CC(C)(C)C1=CC(C=C(C#N)C#N)=CC(C(C)(C)C)=C1O,1.0
53,COC1C(N(C)C(=O)C2=CC=CC=C2)CC2OC1(C)N1C3=CC=CC=C3C3=C4C(=C5C6=CC=CC=C6N2C5=C13)C(=O)NC4,1.0
54,CC(=NNC1N=NC2=C(NC3=C(C)C=CC=C32)N=1)C1=CC=CC=N1,1.0
55,CN1C=C(C2=CC=C3C(CCN3C(=O)CC3=CC=CC(C(F)(F)F)=C3)=C2)C2=C(N)N=CN=C12,1.0
56,CC(C)CC(=O)NC(C(=O)NC(C(=O)NC(CC(C)C)C(O)CC(=O)NC(C)C(=O)NC(CC(C)C)C(O)CC(=O)O)C(C)C)C(C)C,1.0
57,O=c1[nH]c(NC2=CC(F)=CC(F)=C2)nc2cccc(O)c12,1.0
58,O=c1[nH]c(NC2=CC(F)=CC(F)=C2)nc2cc([N+](=O)[O-])ccc12,1.0
59,O=c1[nH]c(NC2=CC(F)=CC(F)=C2)nc2c(Cl)ccc(Cl)c12,1.0
60,O=C(CN1C(C(=O)C2=CC=C(F)C(Cl)=C2)=C(O)C2=CC=C(F)C=C2S1(=O)=O)NC1=CC=C(C(F)(F)F)C=C1,1.0
61,CC1CCCC=CC2CC(O)CC2C(O)C=CC(=O)O1,1.0
62,N=C(NOCC(O)CN1CCCCC1)C1=CC=CN=C1,1.0
63,CCCC(CCC)C(=O)O,1.0
64,COC1=CC2=C(C3(O)C(O)C(CN(C)C)C(C4=CC=CC=C4)C3(C3=CC=C(C#N)C=C3)O2)C(OC)=N1,1.0
65,CCOC1=CC=C(CC2=NC=CC3=CC(OCC)=C(OCC)C=C23)C=C1OCC,1.0
66,O=c1[nH]c(NC2=CC=CC(C(F)(F)F)=C2)nc2cc(Cl)ccc12,1.0
67,CC(C)(O)CNC1N=CC(C2=CC=NC(NC3=CC=NC(Cl)=C3)=N2)=C(CC2CC2)N=1,1.0
68,O=C(NC1=CC=C([N+](=O)[O-])C=C1Cl)C1=CC(Br)=CC=C1O,1.0
69,N#CC1=CC=CC(Nc2nc3cc(Cl)ccc3c(=O)[nH]2)=C1,1.0
70,O=c1[nH]c(NC2=CC(Cl)=CC(Cl)=C2)nc2c(Cl)ccc(Cl)c12,1.0
71,Cc1cc(NC2=CC(N)=NC=N2)c(=O)[n]2c1C(=O)NC12CCCCC1,1.0
72,O=c1[nH]c(NC2=CC(F)=CC(F)=C2)nc2ccc(O)cc12,1.0
73,COC1=CC=C(CC2NCC(O)C2OC(C)=O)C=C1,1.0
74,CN1CCC(c2c(O)cc(O)c3c(=O)cc(C4=CC=CC=C4Cl)oc23)C(O)C1,1.0
75,COC1=CC=C(CC2=NC=CC3=CC(OC)=C(OC)C=C23)C=C1OC,1.0
76,CNC(=O)C1=CC(OC2=CC=C(NC(=O)NC3=CC=C(Cl)C(C(F)(F)F)=C3)C=C2)=CC=N1,1.0
77,CCC(C(C)O)[n]1nc[n](C2=CC=C(N3CCN(C4=CC=C(OCC5COC(CN6C=NC=N6)(C6=CC=C(F)C=C6F)C5)C=C4)CC3)C=C2)c1=O,1.0
78,Nc1nc2[nH]cnc2c(=S)[nH]1,1.0
79,COC(=O)C1=CC=CC=C1C1=C2C=CC(N)=CC2=[O+]C2=CC(N)=CC=C12,1.0
80,CC1CC(C)C(=O)C(C(O)CC2CC(=O)NC(=O)C2)C1,1.0
81,CC1SC2=C(C(C3=CC=C(Cl)C=C3)=NC(CC(=O)OC(C)(C)C)C3=NN=C(C)N32)C=1C,1.0
82,O=c1[nH]c(NC2=CC(Cl)=CC(Cl)=C2)nc2cc(Cl)ccc12,1.0
83,O=c1[nH]c(NC2=CC(F)=CC(F)=C2)nc2cc(C(F)(F)F)ccc12,1.0
84,O=c1[nH]c(NC2=CC(Cl)=CC(Cl)=C2)nc2c(Cl)c(Cl)ccc12,1.0
85,CC(C)C1=CC(C(=O)N2CC3=CC=C(CN4CCN(C)CC4)C=C3C2)=C(O)C=C1O,1.0
86,CC(C)CC1NC(=O)C(CC2=CN(CC3=CC=C(Br)C=C3)C3=CC=CC=C23)N(C)C(=O)C(CC(C)C)NC(=O)C(CC(C)C)N(C)C(=O)C(CC(C)C)NC(=O)C(CCC#N)OC(=O)C(C)N(C)C1=O,1.0
87,CC1=CC(OCCN2CCOCC2)=NN1C1=CC=C2C=CC=CC2=C1,1.0
88,CC1=NC2=CC=CC=C2N1CC1=CC=C(Cl)C=C1,1.0
89,O=c1[nH]c(NC2=CC(Cl)=CC(Cl)=C2)nc2cc([N+](=O)[O-])ccc12,1.0
90,O=c1[nH]c(NC2=CC(F)=CC(F)=C2)nc2c(Cl)c(Cl)ccc12,1.0
91,O=c1[nH]c(NC2=CC(Cl)=CC(Cl)=C2)nc2c(O)cccc12,1.0
92,CCOC(=O)C1=NC=C2NC3=CC=C(OCC4=CC=CC=C4)C=C3C2=C1COC,1.0
93,CC1=C(CCC(=O)O)C2=CC3=NC(=CC4NC(C=C5NC(=CC1=N2)C(C)=C5C(C)O)=C(C)C=4C(C)O)C(C)=C3CCC(=O)O,1.0
94,OC1=C(Cl)C=C(Cl)C(Cl)=C1CC1=C(O)C(Cl)=CC(Cl)=C1Cl,1.0
95,COC1=CC2=NC=C(C3=CC=CC=C3)N=C2C=C1OC,1.0
96,O=c1[nH]c(NC2=CC=CC(F)=C2)nc2cc(Cl)ccc12,1.0
97,CC1OC(OC2C(O)CC(OC3C(O)CC(OC4CCC5(C)C6CC(O)C7(C)C(C8=CC(=O)OC8)CCC7(O)C6CCC5C4)OC3C)OC2C)CC(O)C1O,1.0
98,N#CC1=CC=C(NC(=O)C2=CC(Cl)=CC=C2O)C(Cl)=C1,1.0
99,O=C(NC1=CC=C([N+](=O)[O-])C=C1)C1=CC(Cl)=CC=C1O,1.0
100,O=c1[nH]c(NC2=CC(Cl)=CC(Cl)=C2)nc2cc(C(F)(F)F)ccc12,1.0
101,COC1=CC(C)=CC(C)C(O)C(C)CC(C)=CC=CC(OC)C(C(C)C(O)C(C)C2(OC)CC(OC(=O)C=CC(=O)NC3=C(O)CCC3=O)C(C)C(C(C)C)O2)OC1=O,1.0
102,CCC(C(=O)C(C)C(O)C(C)CCC1=CC=C(C)C(O)=C1C(=O)O)C1OC(CC)(C2CCC(O)(CC)C(C)O2)CC1C,1.0
103,NS(=O)(=O)OCC1CC(N2C=CC3=C(NC4CCC5=CC=CC=C45)N=CN=C23)CC1O,1.0
104,COC1=CC([N+](=O)[O-])=CC=C1NC(=O)C1=CC(Cl)=CC=C1O,1.0
105,O=C(NC1=CC=C(C(F)(F)F)C=C1)C1=CC(Cl)=CC=C1O,1.0
106,O=c1[nH]c(NC2=CC(Cl)=CC(Cl)=C2)nc2cccc(O)c12,1.0
107,N=C(NN=CC1=CC=CC=C1O)C1=NON=C1NCNC1=NON=C1C(=N)NN=CC1=CC=CC=C1O,1.0
108,CC(C)N1N=C(C2=CC=C3OC(N)=NC3=C2)C2C(N)=NC=NC1=2,0.0
109,CC1(C)C=Cc2c(c3c(c4c(=O)c(C5=CC=C(O)C=C5)coc42)OC(C)(C)CC3)O1,0.0
110,CC(C)(C)C1=CC(C=C(C#N)C#N)=CC(Br)=C1O,0.0
111,CN(C)CCC=C1C2=CC=CC=C2CSC2=CC=CC=C12,0.0
112,O=C(C1=CC=C(OCCN2CCCCC2)C=C1)C1=C(C2=CC=C(O)C=C2)SC2=CC(O)=CC=C12,0.0
113,CN(C)CCCN1C=C(C2=CC=CC=C2)C(C2=CC=CC=C2)=N1,0.0
114,N#CC1=CC2=C(OCC(O)CN3CCN(C(C4=CC=CC=C4)C4=CC=CC=C4)CC3)C=CC=C2N1,0.0
115,CNCC1=CC=C(C2C=C(C3=NC(C4=CC=C(S(=O)(=O)C(C)C)C=C4)=CN=C3N)ON=2)C=C1,0.0
116,COC1=CC=CC=C1OCCNCC(O)COC1C=CC=C2NC3C=CC=CC=3C=12,0.0
117,CCCCCCCCCCCCCCOC1=CC=C(C(=O)O)O1,0.0
118,CC(C)(C)NCC1=CC=C(NC2=CC=NC3=CC(Cl)=CC=C23)C=C1O,0.0
119,NC(CO)(CO)CCC1=CC=C(SC2=CC=CC(OCC3=CC=CC=C3)=C2)C=C1Cl,0.0
120,COC(=O)CC(O)(CCCC(C)(C)O)C(=O)OC1C(OC)=CC23CCCN2CCC2=CC4=C(OCO4)C=C2C13,0.0
121,CN(C)C(=O)COC(=O)CC1=CC=C(OC(=O)C2=CC=C(NC(=N)N)C=C2)C=C1,0.0
122,CN1N=C(C(C)(C)C)C=C1C(=O)NC(CC1=CC=CC(Cl)=C1)C(=O)NCC#N,0.0
123,OC(COC1=CC=CC2=NC=CC=C12)CN1CCN(C2C3=CC=CC=C3C3C(C3(F)F)C3=CC=CC=C23)CC1,0.0
124,CCCN1CCC=C(C2=CC(C3=CC=C(C)C=C3)=NO2)C1,0.0
125,CCCCCCOC(C)C1=CC=CC(C2=CSC(NC(=O)C3=CC(Cl)=C(C=C(C)C(=O)O)C(Cl)=C3)=N2)=C1OC,0.0
126,CCN(CC)CCOC1=CC=C(C(O)(CC2=CC=C(Cl)C=C2)C2=CC=C(C)C=C2)C=C1,0.0
127,COC1CCC(N2C(=O)CNC3=NC=C(C4=CC=C(C(C)(C)O)N=C4)N=C23)CC1,0.0
128,COC1=CC(CC2C3=CC(OC)=C(OC)C=C3CCN2C)=C(OC2=CC3=C(C4=C(OC)C(OC)=CC5=C4C(C3)N(C)CC5)C=C2OC)C=C1OC,0.0
129,CN(C)C(=N)NC(=N)N,0.0
130,CC1NC(C=C2C(=O)NC3=CC(C4=CC=CC=C4)=CC=C23)=C(C)C=1CCC(=O)O,0.0
131,O=C(O)C1=CC=C(N2C(=O)C(=CC3=CC=C(C4=CC=C([N+](=O)[O-])C=C4)O3)C=C2C2=CC=CC=C2)C=C1,0.0
132,CCC1(CC)C(=O)NCC(C)C1=O,0.0
133,CC(C)(C)C1=CC=CC=C1OC1=NC=CC=C1NC(=O)NC1=CC=C(OC(F)(F)F)C=C1,0.0
134,CCN(CC)CCOC1=CC=C2C(C(=O)C3=CC(OCCN(CC)CC)=CC=C32)=C1,0.0
135,CCN(CC)CC1=CC(NC2=CC=NC3=CC(Cl)=CC=C23)=CC=C1O,0.0
136,O=C(CCCN1CCC2(C(=O)N(CC3=CC=CC(F)=C3)CN2C2=CC=CC=C2)CC1)C1=CC=C(F)C=C1,0.0
137,CC(CC1=CC=CC=C1)NCCC(C1=CC=CC=C1)C1=CC=CC=C1,0.0
138,NC1=CC=C2C=C3C=CC(N)=CC3=NC2=C1,0.0
139,CCSC1=CC=C2C(N(CCCN3CCN(C)CC3)C3=CC=CC=C3S2)=C1,0.0
140,CCC(=C(C1=CC=C(OCCN(C)C)C=C1)C1=CC=CC(O)=C1)C1=CC=CC=C1,0.0
141,CC1=CC=CC(C)=C1OCC(=O)NC(CC1=CC=CC=C1)C(O)CC(CC1=CC=CC=C1)NC(=O)C(C(C)C)N1CCCNC1=O,0.0
142,CC(C)(C)C1=CC(C(C)(C)C)=C(NC(=O)c2c[nH]c3ccccc3c2=O)C=C1O,0.0
143,CC(NC1N=C(N2CCNCC2)N=C2C=C(Br)C=CC=12)C1=CC=CC=C1,0.0
144,COC1=CC2=C(N3CCN(C(=O)NC4=CC=C(OC(C)C)C=C4)CC3)N=CN=C2C=C1OCCCN1CCCCC1,0.0
145,CCN(CC)CCNC(=O)C1=CC(Cl)=C(NC(=O)COC2=CC=C(Cl)C=C2)C=C1OC,0.0
146,CC(CN(C)C)CN1C2=CC=CC=C2SC2=CC=CC=C12,0.0
147,COC1C=C2N=CN=C(NC3=CC=CC(Br)=C3)C2=CC=1OC,0.0
148,CC(C)C(=O)OCC(=O)C12OC(C3CCCCC3)OC1CC1C3CCC4=CC(=O)C=CC4(C)C3C(O)CC21C,0.0
149,CC1NC(C=C2C(=O)NC3=CC=C(S(=O)(=O)CC4=C(Cl)C=CC=C4Cl)C=C23)=C(C)C=1C(=O)N1CCCC1CN1CCCC1,0.0
150,NC1N=CC(C2=CC=NC(NC3=CC=NC=C3)=N2)=C(CC2CC2)N=1,0.0
151,CC1COCCN1c1cc(=O)[n]2c(N(CC3=CN=CC(Cl)=C3)C(C(F)(F)F)CC2)n1,0.0
152,CN1CCCC([n]2nc(CC3=CC=C(Cl)C=C3)c3ccccc3c2=O)CC1,0.0
153,COC1=CC=C2C=C1OC1=CC=C(CC3C4=CC(=C(OC)C=C4CCN3C)OC3=C(OC)C(OC)=CC4=C3C(C2)N(C)CC4)C=C1,0.0
154,CCN(CC)CCOC1=CC=C(C(=C(Cl)C2=CC=CC=C2)C2=CC=CC=C2)C=C1,0.0
155,CC1(N2CCC(N3C(C4CCCNC4)=NC4=CC=CC=C34)CC2)CCCCCCC1,0.0
156,CSC1=CC=C2C(N(CCC3CCCCN3C)C3=CC=CC=C3S2)=C1,0.0
157,OCC1=CC(C(O)CNCCCCCCOCCCCC2=CC=CC=C2)=CC=C1O,0.0
158,O=C(CN1C(C(=O)C2=CC=CC(F)=C2)=C(O)C2=CC=CC=C2S1(=O)=O)NC1=CC=CC(OC(F)(F)F)=C1,0.0
159,O=C(NC1CN2CCC1CC2)C1=CC(Cl)=CC2=C1OC1CCCCC12,0.0
160,CC1CN(CCCN2C3=CC=CC=C3C3=CC=CC=C23)CC(C)N1,0.0
161,CCCCC1OC2=CC=C(NS(C)(=O)=O)C=C2C=1C(=O)C1=CC=C(OCCCN(CCCC)CCCC)C=C1,0.0
162,NC1=NC=NC2=C1N=CN2C1CCC(O)C1O,0.0
163,O=C(NC1=CC=C(Cl)C(Cl)=C1)NC1=CC=C(Cl)C(Cl)=C1,0.0
164,COC1=CC2=C3C=C1OC1=C(OC)C(OC)=CC4=C1C(CC1=CC=CC(OC5=CC=C(CC3N(C)CC2)C(O)=C5)=C1)N(C)CC4,0.0
165,CC1=CC=C(NC2N=CC3=C(N(C)C(=O)N(C4=CC(NC(=O)C5=CC=CC(C(F)(F)F)=C5)=CC=C4C)C3)N=2)C=N1,0.0
166,CC(C)(SC1=CC(C(C)(C)C)=C(O)C(C(C)(C)C)=C1)SC1=CC(C(C)(C)C)=C(OC(=O)CCC(=O)O)C(C(C)(C)C)=C1,0.0
167,CN1CCC(C2=CC3=CC(Cl)=CC=C3O2)CC1,0.0
168,CN1C=C(C2=CC=NC=C2)C(C2=CC=C(OCC3=CC=C4C=CC=CC4=N3)C=C2)=N1,0.0
169,CCC1CN2CCC1CC2C(O)C1=CC=NC2=CC=C(OC)C=C12,0.0
170,CC(C)COCC(CN(CC1=CC=CC=C1)C1=CC=CC=C1)N1CCCC1,0.0
171,CC=CCC(C)C(O)C1C(=O)NC(CC)C(=O)N(C)C(C)C(=O)N(CC)C(C(C)C)C(=O)NC(C(C)C)C(=O)N(C)C(CC(C)C)C(=O)NC(C)C(=O)NC(C)C(=O)N(C)C(CC(C)C)C(=O)N(C)C(CC(C)C)C(=O)N(C)C(C(C)C)C(=O)N1C,0.0
172,CC(C)N1CCN(C2=CC=C(C(=O)C3=C(C4=CC=C(O)C=C4)SC4=CC(O)=CC=C34)C=C2)CC1,0.0
173,O=C(CN1C(C(=O)C2=CC=C(Cl)C=C2)=C(O)C2=CC=CC=C2S1(=O)=O)NC1=CC=CC(OC(F)(F)F)=C1,0.0
174,CN1CCN(CCCN2C3=CC=CC=C3SC3=CC=CC=C23)CC1,0.0
175,O=C(CN1C(C(=O)C2=CC=CC=C2)=C(O)C2=CC=CC=C2S1(=O)=O)NC1=CC=CC(OC(F)(F)F)=C1,0.0
176,CC(C)(C)OC(=O)NC(CC1=CC=CC=C1)C(O)CN1CCC(N2CCCCC2)CC1,0.0
177,CN(C)CCOC(C)(C1=CC=CC=C1)C1=CC=C(Cl)C=C1,0.0
178,O=C(O)C(CC1=CC=CC=C1[N+](=O)[O-])=NNC1=NC(C2=CC=C(Cl)C(Cl)=C2)=CS1,0.0
179,OC(C1=CC(C(F)(F)F)=NC2=C(C(F)(F)F)C=CC=C12)C1CCCCN1,0.0
180,CCC1=NC(C(N)=O)=C(NC2=CC=C(N3CCC(N4CCN(C)CC4)CC3)C(OC)=C2)N=C1NC1CCOCC1,0.0
181,COC1=CC=C2C=C1OC1=CC=C(CC3C4=C(C=C5C(=C4OC4=CC6=C(CCN(C)C6C2)C=C4OC)OCO5)CCN3C)C=C1,0.0
182,O=C(CN1C(C(=O)C2=CC=C(F)C(Cl)=C2)=C(O)C2=CC=C(F)C=C2S1(=O)=O)NC1=CC=CC(OC(F)(F)F)=C1,0.0
183,CC(NC1N=C(N2CCNCC2)N=C2C=C(C3=CC=CC=C3)C=CC=12)C1=CC=CC=C1,0.0
184,COC1=CC=C(N2N=C(C(N)=O)C3=C2C(=O)N(C2=CC=C(N4CCCCC4=O)C=C2)CC3)C=C1,0.0
185,COC1=CC2=C3C=C1OC1=C(OC)C(OC)=CC4=C1C(CC1=CC=C(O)C(OC5=CC=C(CC3N(C)CC2)C=C5)=C1)N(C)CC4,0.0
186,N#CC1=CC=CC(C(=O)C2=C(O)C3=CC=CC=C3S(=O)(=O)N2CC(=O)NC2=CC=C(C(F)(F)F)C=C2)=C1,0.0
187,O=c1[nH]c(NCC2CCCCC2)nc2cc(Cl)ccc12,0.0
188,CCCCCC(=O)OC1(C(C)=O)CCC2C3CCC4=CC(=O)CCC4(C)C3CCC12C,0.0
189,N#CCC(C1CCCC1)N1C=C(C2N=CN=C3NC=CC=23)C=N1,0.0
190,O=C(CN1C(C(=O)C2=CC=C(Cl)C=C2)=C(O)C2=CC=CC=C2S1(=O)=O)NC1=CC=C(C(F)(F)F)C=C1,0.0
191,COC1=CC2=C(CC(=O)N(CCCN(C)CC3CC4=CC(OC)=C(OC)C=C34)CC2)C=C1OC,0.0
192,CC1=CC=C(C2(O)CCN(CCCC(=O)C3=CC=C(F)C=C3)CC2)C=C1,0.0
193,CC(=O)NCC1CN(C2=CC=C(N3CCOCC3)C(F)=C2)C(=O)O1,0.0
194,CC1(COC2=CC=C3C(N=CN3C3=CC=C4C=CC=C(N5CCC(N)CC5)C4=N3)=C2)COC1,0.0
195,C=C1CC2C3C=C(C)C4=CC(=O)CCC4(C)C3CCC2(C)C1(OC(C)=O)C(C)=O,0.0
196,CN(C)CCC(CSC1=CC=CC=C1)NC1=CC=C(S(=O)(=O)NC(=O)C2=CC=C(N3CCN(CC4=CC=CC=C4C4=CC=C(Cl)C=C4)CC3)C=C2)C=C1[N+](=O)[O-],0.0
197,CC1=C(F)C=C(C(=O)NC2CC2)C=C1C1=CC=C(C(=O)NCC(C)(C)C)C=N1,0.0
198,O=C1NC2=CC=CC=C2C1(C1=CC=C(O)C=C1)C1=CC=C(O)C=C1,0.0
199,CCOC(=O)CCC(=O)OC1C(OC2C(C)C(OC3CC(C)(OC)C(O)C(C)O3)C(C)C(=O)OC(CC)C(C)(O)C(O)C(C)C(=O)C(C)CC2(C)O)OC(C)CC1N(C)C,0.0
200,Cc1cc2cc3c(C)cc(=O)oc3c(C)c2o1,0.0
201,CCC1=C(O)C=C(O)C(C(=O)C2=CC=C(OCCN3CCOCC3)C(OC)=C2)=C1CC(=O)N(CCOC)CCOC,0.0
202,CC1=CC(C(C)(C)CC(C)(C)C)=CC=C1OCCOCC[N+](C)(C)CC1=CC=CC=C1,0.0
203,CC(C)N(CCC(CCN1CCCCC1)(C(N)=O)C1=CC=CC=C1Cl)C(C)C,0.0
204,NCC(O)C1=CC=C(O)C=C1,0.0
205,NCCCC(O)(P(=O)(O)O)P(=O)(O)O,0.0
206,NCC1CCC(C(=O)O)CC1,0.0
207,CC(=O)OCC(=O)C1(O)C(C)CC2C3CCC4=CC(=O)C=CC4(C)C3(F)C(O)CC12C,0.0
208,CC=CCC(C)C(=O)C1C(=O)NC(C(C)C)C(=O)N(C)CC(=O)N(C)C(CC(C)C)C(=O)NC(C(C)C)C(=O)N(C)C(CC(C)C)C(=O)NC(C)C(=O)NC(C)C(=O)N(C)C(CC(C)C)C(=O)N(C)C(CC(C)C)C(=O)N(C)C(C(C)C)C(=O)N1C,0.0
209,O=C(NC(CO)C(O)C1=CC=C([N+](=O)[O-])C=C1)C(Cl)Cl,0.0
210,O=c1[nH]c(=O)[n](C2OC(CO)C(O)C2F)cc1I,0.0
211,CC(CNS(=O)(=O)C(C)C)C1=CC=C(NC(=O)C2=CC(F)=CC(F)=C2)C=C1,0.0
212,CN1C=NC([N+](=O)[O-])=C1SC1=NC=NC2N=CNC1=2,0.0
213,COC1=CC=C(CC2C3=CC(OC)=C(OC)C=C3CC[N+]2(C)CCC(=O)OCCCCCOC(=O)CC[N+]2(C)CCC3=CC(OC)=C(OC)C=C3C2CC2=CC=C(OC)C(OC)=C2)C=C1OC,0.0
214,ClC1C=NC=CN=1,0.0
215,CSCCC(N)C(=O)NC1(C(=O)O)CS(=O)(=O)C2C(C(=O)O)C12,0.0
216,O=C(CCCN1CCC(O)(C2=CC=CC(C(F)(F)F)=C2)CC1)C1=CC=C(F)C=C1,0.0
217,CCNC(=O)C=CC1=CC=CC(Br)=C1,0.0
218,CC1N=C(O)C2=CC(CN(C)C3=CC=C(C(=O)NC(CCC(=O)O)C(=O)O)S3)=CC=C2N=1,0.0
219,COC1=CC=C(CCN(C)CCCC(C#N)(C2=CC=C(OC)C(OC)=C2)C(C)C)C=C1OC,0.0
220,COC1=CC=C(C(=O)C2=CC=C(C)C=C2)C(O)=C1,0.0
221,O=c1[nH]c2ccccc2[n]1CCCN1CCN(C(C2=CC=CC=C2)C2=CC=CC=C2)CC1,0.0
222,CC(C(=O)O)C1=CC=C(C(=O)C2=CC=CS2)C=C1,0.0
223,O=C(NC1=CC=C(O)C=C1)C1=CC=CC=C1O,0.0
224,CN1C(=O)NC(=O)C(C)(C2=CCCCC2)C1=O,0.0
225,O=C1CN=C(C2=CC=CC=C2)C2=CC(Cl)=CC=C2N1CC(F)(F)F,0.0
226,OCC1=CC=CC=N1,0.0
227,N#CC(CCN1CCC(C(N)=O)(N2CCCCC2)CC1)(C1=CC=CC=C1)C1=CC=CC=C1,0.0
228,COC(=O)C(N)CS,0.0
229,CC(=O)NC(CC1=CC=CC=C1)C(=O)O,0.0
230,CN1CCC(=C2C3=CC=CC=C3SC3=CC=CC=C23)CC1,0.0
231,O=C(CNC(=O)C1=CC=CC(C(F)(F)F)=C1)NC1CN(C2CCC(O)(C3=CN=CS3)CC2)C1,0.0
232,COC1=CC=CC(N2CCN(C3=NC4=C(F)C=CC=C4C(CC(=O)O)N3C3=CC(C(F)(F)F)=CC=C3OC)CC2)=C1,0.0
233,CC1=CN(C2=CC(NC(=O)C3=CC=C(C)C(NC4N=CC=C(C5=CC=CN=C5)N=4)=C3)=CC(C(F)(F)F)=C2)C=N1,0.0
234,CNC(=N)NCCCC(N)C(=O)O,0.0
235,CC(C)NCC(O)COC1=CC=C(O)C=C1,0.0
236,CC1(C)CC=C(C2=NC(C3CC(C)(C)OC(C)(C)C3)=CC=C2NC(=O)C2=NC(C#N)=CN2)CC1,0.0
237,CCN1CCN(c2cc3c(c(=O)c(C(=O)O)c[n]3C3CC3)cc2F)CC1,0.0
238,CON(C)CC1=CC=C(O)C2=C1CC1CC3C(N(C)C)C(O)=C(C(N)=O)C(=O)C3(O)C(O)=C1C2=O,0.0
239,CC1=NC=CN=C1N1CCCCC1,0.0
240,CCCS(=O)(=O)NC1=CC=C(F)C(C(=O)C2=CNC3=NC=C(C4=CC=C(Cl)C=C4)C=C23)=C1F,0.0
241,CN(C)CCSC1=NC2=CC=CC=C2C=C1C1=CC=CC=C1,0.0
242,NN=C(N)N,0.0
243,COC1=CC2=C(OCO2)C=C1c1cc2cc3ccoc3cc2oc1=O,0.0
244,CCC[N+]12C(O)C(CC)C3C4C(O)C5(C6=CC=CC=C6N(C)C5C1C3)CC42,0.0
245,CC(=O)C1C=NC2=CC=C(C3=CC(Cl)=C(O)C(Cl)=C3)N=C2C=1NC1CCC(CN(C)C)CC1,0.0
246,CC(CN1CC(=O)NC(=O)C1)N1CC(=O)NC(=O)C1,0.0
247,COC1=NC(N)=NC2=C1N=CN2C1OC(CO)C(O)C1O,0.0
248,CN(C)C1=CC=C(O)C2=C1CC1CC3C(N(C)C)C(O)=C(C(N)=O)C(=O)C3(O)C(O)=C1C2=O,0.0
249,NC(CC1=CC=C(N(CCCl)CCCl)C=C1)C(=O)O,0.0
250,CCCCCCNC(=O)[n]1cc(F)c(=O)[nH]c1=O,0.0
251,CN(C)C1C(O)=C(C(N)=O)C(=O)C2(O)C(O)=C3C(=O)C4=C(O)C=CC=C4C(C)(O)C3C(O)C12,0.0
252,CCC(=O)N(C1=CC=CC=C1)C1(COC)CCN(CC[n]2nn[n](CC)c2=O)CC1,0.0
253,O=c1[nH]c(=O)[n](C2CC(O)C(CO)O2)cc1Br,0.0
254,COC(=O)C1C2CC3C4NC5=CC=CC=C5C=4CCN3CC2CC(OC(=O)C2=CC(OC)=C(OC)C(OC)=C2)C1OC,0.0
255,O=C(O)CC1=CC=CC=C1NC1=C(Cl)C=CC=C1Cl,0.0
256,CC1(C)SC2C(NC(=O)C3(N)CCCCC3)C(=O)N2C1C(=O)O,0.0
257,NC1=CC=C(O)C(C(=O)O)=C1,0.0
258,CCCCN(CCCC)C(C(N)=O)C1=CC=C(OC)C=C1,0.0
259,CC(CCC(=O)O)C1CCC2C3C(O)CC4CC(O)CCC4(C)C3CC(O)C12C,0.0
260,COC1=CC(C2=CC=C(N=NC3=CC=C4C(S(=O)(=O)O)=CC(S(=O)(=O)O)=C(N)C4=C3O)C(OC)=C2)=CC=C1N=NC1=CC=C2C(S(=O)(=O)O)=CC(S(=O)(=O)O)=C(N)C2=C1O,0.0
261,COC1=CC=C(C(C)=O)C(O)=C1,0.0
262,COC1=CC=C2C=C(C(C)CO)C=CC2=C1,0.0
263,NC1N=C(O)C2N=CN(C3OC(CO)C(O)C3F)C=2N=1,0.0
264,CC1=CCCC2C1(C)CCC(C)C2(C)CC1=CC(O)=CC=C1O,0.0
265,NC1=NC(F)=NC2=C1N=CN2C1OC(CO)C(O)C1O,0.0
266,COC(=O)NC1=NC2=CC=C(SC3=CC=CC=C3)C=C2N1,0.0
267,COC1CC2CCC(C)C(O)(O2)C(=O)C(=O)N2CCCCC2C(=O)OC(C(C)CC2CCC(OP(C)(C)=O)C(OC)C2)CC(=O)C(C)C=C(C)C(O)C(OC)C(=O)C(C)CC(C)C=CC=CC=C1C,0.0
268,COC1=CC2=NC=CC(OC3=CC=C(NC(=O)NC4CC4)C(Cl)=C3)=C2C=C1C(N)=O,0.0
269,CC1ON=C(C2=C(F)C=CC=C2Cl)C=1C(=O)NC1C(=O)N2C(C(=O)O)C(C)(C)SC12,0.0
270,CN1CCC2=CC(O)C3OC(=O)C4=CC5=C(C=C4C3C12)OCO5,0.0
271,O=C(O)C1=C(O)C(C2=CC=CC=C2)=NC2=CC=CC=C12,0.0
272,CC(C)N1C(C=CC(O)CC(O)CC(=O)O)=C(C2=CC=C(F)C=C2)C2=CC=CC=C12,0.0
273,[H]C1([H])C2CC(C(OC3=CC=C(C(F)(F)F)C=N3)C2)N1C(=O)C1=CC=CC(F)=C1C1N=CC=CN=1,0.0
274,CCC(C)C(=O)OC1C(O)C2C(CN3CC(C)CCC3C2(C)O)C2CC34OC5(O)C(OC(=O)C(C)(O)CC)CCC3(C)C5C(OC(C)=O)C(OC(C)=O)C4C12O,0.0
275,O=c1ccc2cc(OC3OC(CO)C(O)C(O)C3O)c(O)cc2o1,0.0
276,O=C1NC(C(=O)O)CS1,0.0
277,OCC(O)C1OC2OC(C(Cl)(Cl)Cl)OC2C1O,0.0
278,CC(N)C12CC3CC(CC(C3)C1)C2,0.0
279,CCC1(O)C(=O)OCc2c1cc1[n](c2=O)CC2=CC3=C([N+](=O)[O-])C=CC=C3N=C12,0.0
280,COC1=CC=C(c2cc(=O)c3c(OC)cc(OCC(=O)O)cc3o2)C=C1OC,0.0
281,C1=CC=C(C2(N3CCCCC3)CCCCC2)C=C1,0.0
282,CCC1=NC(C2=CC=CC(C)=C2)=C(C2=CC=NC(NC(=O)C3=CC=CC=C3)=C2)S1,0.0
283,NC(=O)C[S+]([O-])C(C1=CC=CC=C1)C1=CC=CC=C1,0.0
284,COC(=O)C1=CCCN(C)C1,0.0
285,O=C1NC2=CC=C(Cl)C=C2C(C2=CC=CC=C2)=NC1O,0.0
286,CN(C)CCN(CC1=CC=CC=C1)C1=CC=CC=C1,0.0
287,CC(C)C1=NC(CN(C)C(=O)NC(C(=O)NC(CC2=CC=CC=C2)CC(O)C(CC2=CC=CC=C2)NC(=O)OCC2=CN=CS2)C(C)C)=CS1,0.0
288,CCOC1OC(=O)CC1NC(=O)C1CCCN2C(=O)CCC(NC(=O)C3=NC=CC4=CC=CC=C34)C(=O)N12,0.0
289,NC=C1CC2=CC=CC=C2C1=O,0.0
290,CCN(CC)CC(C)(C)COC(=O)C1=CC=C(N)C=C1,0.0
291,CC1=CC=C(C2N=C3C=CC(C)=CN3C=2CC(=O)N(C)C)C=C1,0.0
292,CCCCCCCCCC(=O)OCCN1CCN(CCCN2C3=CC=CC=C3SC3=CC=C(C(F)(F)F)C=C23)CC1,0.0
293,COC1=CC=C2C(C(CC(=O)OCC(=O)O)=C(C)N2C(=O)C2=CC=C(Cl)C=C2)=C1,0.0
294,CCCc1n[n](C)c2c(=O)[nH]c(C3=CC(S(=O)(=O)N4CCN(C)CC4)=CC=C3OCC)nc12,0.0
295,CC(C)C(NC(=O)C(CC(=O)O)NC(=O)C(CCCCN)NC(=O)C(N)CCCNC(=N)N)C(=O)NC(CC1=CC=C(O)C=C1)C(=O)O,0.0
296,NC(=O)C1C=CN2C=1CSC2C1=CC=CN=C1,0.0
297,CC(=O)NC1C(O)OC(CO)C(O)C1OC(C)C(=O)O,0.0
298,OC(C1=CC=CC=C1)(C1=CC=CC=C1)C1CC1C1=CC=NC=C1,0.0
299,CC1=CC=CC(C)=C1CNC1=CC(C(=O)NCCO)=CN2C(C)=C(C)N=C12,0.0
300,CN1CCC2(C)C3=CC(O)=CC=C3N(C)C12,0.0
301,C#CC1=CC=CC(NC2N=CN=C3C=C4C(=CC=23)OCCOCCOCCO4)=C1,0.0
302,CC1=CC=CC(N2CCN(CCCOC3=CC=C4C=CC(O)=NC4=C3)CC2)=C1C,0.0
303,CCOC(=O)N(CC1=CC=CC=C1)C1CC1,0.0
304,O=C1CN=C(C2=CC=CC=C2)C2=CC(Cl)=CC=C2N1,0.0
305,O=P(O)(NCCCl)NCCCl,0.0
306,CC(C)(N)CC1=CC=C(Cl)C=C1,0.0
307,O=C(O)CCC(=O)C(=O)O,0.0
308,O=C(O)C1=NN(CC2=CC=C(Cl)C=C2Cl)C2=CC=CC=C12,0.0
309,CC(C)CC(NC(=O)C(CC1=CC=CC=C1)NC(=O)CNC(=O)C(C)NC(=O)C(N)CC1=CC=C(O)C=C1)C(=O)NC(CCCNC(=N)N)C(=O)O,0.0
310,C[n]1nc(C2=CC=CC(F)=C2)[n](C)c1=S,0.0
311,NCC(O)C1=CC=C(O)C(O)=C1,0.0
312,Nc1nc(=O)c2sc(=O)[n](C3OC(CO)C(O)C3O)c2[nH]1,0.0
313,CCOC(=O)C1=C(CSC2=CC=CC=C2)N(C)C2=CC(Br)=C(O)C(CN(C)C)=C12,0.0
314,C=C(C1=CC=C(C(=O)O)C=C1)C1=CC2=C(C(C)(C)CCC2(C)C)C=C1C,0.0
315,O=S(=O)(O)C1=CC(O)=CC=C1O,0.0
316,COC(=O)C1=C(C)NC(C)=C(C(=O)OC)C1C1=CC=CC=C1[N+](=O)[O-],0.0
317,COC1=CC(C2C3=CC4=C(C=C3C(OC3OC5COC(C)OC5C(O)C3O)C3COC(=O)C23)OCO4)=CC(OC)=C1O,0.0
318,CC1=CC=C(C[N+](C)(C)C)O1,0.0
319,CC[N+](CC)(CC(=O)NC1=C(C)C=CC=C1C)CC1=CC=CC=C1,0.0
320,CNC(=O)C(NC(=O)C(CC(C)C)C(O)C(=O)NO)C(C)(C)C,0.0
321,CCC1C(COC2=NC=CC3=CC(C(N)=O)=C(OC)C=C23)NC(=O)C1F,0.0
322,CC(C)=CCC(O)C1=CC(=O)C2=C(O)C=CC(O)=C2C1=O,0.0
323,CC(C)C(=O)OCC1OC([n]2ccc(N)nc2=O)C(C)(F)C1OC(=O)C(C)C,0.0
324,CN1C2CCC1CC(OC(=O)C1=CC(Cl)=CC(Cl)=C1)C2,0.0
325,CC1=C2C=CN=CC2=C(C)C2=C1NC1=CC=CC=C12,0.0
326,CC(C)CCCC(C)C1CCC2C3CCC4CC(=O)CCC4(C)C3CCC12C,0.0
327,CC(C)OC(=O)C(C)(C)OC1=CC=C(C(=O)C2=CC=C(Cl)C=C2)C=C1,0.0
328,C[n]1c(=O)c2nc(C3CCCC3)[nH]c2[n](C)c1=O,0.0
329,CCCCNC(=O)NS(=O)(=O)C1=CC=C(N)C=C1,0.0
330,O=C1NC2=CC=C(Cl)C=C2C(C=CC2CC2)(C(F)(F)F)N1,0.0
331,COC1CC(OC2C(C)C(=O)OC(C)C(C)C(OC(C)=O)C(C)C(=O)C3(CO3)CC(C)C(OC3OC(C)CC(N(C)C)C3OC(C)=O)C2C)OC(C)C1OC(C)=O,0.0
332,CCCc1c2nc(C(=O)O)cc(NC)c2cc2c(=O)cc(C(=O)O)oc12,0.0
333,C#CCCC(O)=C(C#N)C(=O)NC1=CC=C(C(F)(F)F)C=C1,0.0
334,CN(C)CCOC(C1=CC=CC=C1)C1=CC=NN1C,0.0
335,NC(C=O)C(O)C(O)C(O)CO,0.0
336,CC[n]1cc(C(=O)O)c(=O)c2cnc(N3CCCC3)nc12,0.0
337,COc1c2ccoc2cc2oc(=O)ccc12,0.0
338,CCC1=CC=CC=C1[n]1c(C)nc2ccccc2c1=O,0.0
339,CC(=O)NC1=CC=C(CC(=O)O)C=C1,0.0
340,N=S(=O)(O)CC1=NOC2=CC=CC=C12,0.0
341,CN1N=C2CCN(C(=O)C(COCC3=CC=CC=C3)NC(=O)C(C)(C)N)CC2(CC2=CC=CC=C2)C1=O,0.0
342,CCCN1CC(CSC)CC2C3C=CC=C4NC=C(CC12)C=34,0.0
343,CCCC(C)(COC(N)=O)COC(N)=O,0.0
344,CC(N)CC1=CC=CC=C1,0.0
345,CCCCCCOC(=O)N=C(N)C1=CC=C(NCC2=NC3=CC(C(=O)N(CCC(=O)OCC)C4=CC=CC=N4)=CC=C3N2C)C=C1,0.0
346,CC1C2CC3=CC=C(O)C=C3C1(C)CCN2CCC1=CC=CC=C1,0.0
347,CN(C)CCOC1=CC2=CC=CC=C2SC2=CC=C(Cl)C=C12,0.0
348,C=CC(N)CCC(=O)O,0.0
349,COC1=CC=C2C(CN(C(=O)CCN3CCC(CC4=CC=CC=C4)CC3)CCS2)=C1,0.0
350,COCCOCCOCCOCCOC(=O)OC[N+]1=CC=C(NC(=NCCCCCCOC2=CC=C(Cl)C=C2)NC#N)C=C1,0.0
351,CC(C)(C)NCC(O)COC1=NSN=C1N1CCOCC1,0.0
352,Nc1nc[n](C2CC(O)C(CO)O2)c(=O)n1,0.0
353,CC1=NC(C2CCCCC2)=C(C2=CC=C(S(N)(=O)=O)C(F)=C2)O1,0.0
354,CCC(CC)CC1(C(=O)NC2=CC=CC=C2SC(=O)C(C)C)CCCCC1,0.0
355,CC(C(=O)O)C1=CC=C(OC2=NC=CS2)C=C1,0.0
356,O=C1CCCN1CC1CCN(C2=CC=NC(C(F)(F)F)=N2)CC1,0.0
357,Cc1cc(=O)oc2cc(O)cc(O)c12,0.0
358,C=C(F)C(=O)N1CCN(C2N=C(OCC3CCCN3C)N=C3C=2CCN(C2=CC=CC4=CC=CC(Cl)=C24)C3)CC1CC#N,0.0
359,Cc1c(C2=CC=NN2C)cc(C(=O)NCC2=CC=C(S(C)(=O)=O)C=N2)c(=O)[n]1C1=CC=CC(C(F)(F)F)=C1,0.0
360,COC1=CC=C(C(=O)CC(=O)C2=CC=C(C(C)(C)C)C=C2)C=C1,0.0
361,CC(=O)OC1(C(C)=O)CCC2C3C=C(C)C4=CC(=O)CCC4C3CCC12C,0.0
362,CNC(=O)C1=CC=CC=C1SC1=CC=C2C(C=CC3=CC=CC=N3)=NNC2=C1,0.0
363,C=CCN1CCCC1CNC(=O)C1=CC2N=NNC=2C=C1OC,0.0
364,CC(C1N=CN=CC=1F)C(O)(CN1C=NC=N1)C1=CC=C(F)C=C1F,0.0
365,O=c1[nH]c2cc(Cl)ccc2o1,0.0
366,OC1=CC=C(Cl)C=C1CC1=CC(Cl)=CC=C1O,0.0
367,O=C(O)C1=CC=C2NN=NC2=C1,0.0
368,CC1=CC(C2=CC=C(N=NC3=CC=C4C(S(=O)(=O)O)=CC(S(=O)(=O)O)=C(N)C4=C3O)C(C)=C2)=CC=C1N=NC1=CC=C2C(S(=O)(=O)O)=CC(S(=O)(=O)O)=C(N)C2=C1O,0.0
369,NCCCNC1=CC=C2C3C(=NN2CCNCCO)C2=C(O)C=CC(O)=C2C(=O)C1=3,0.0
370,O=C(O)CNC(=O)C1=CC=CC=C1,0.0
371,CC(OC1OCCN(Cc2n[nH]c(=O)[nH]2)C1C1=CC=C(F)C=C1)C1=CC(C(F)(F)F)=CC(C(F)(F)F)=C1,0.0
372,NCCC1C=CNN=1,0.0
373,O=C(O)CO,0.0
374,CCCCCC(O)C1=CC=CC(OCC2=CC=C3C=CC=CC3=N2)=C1,0.0
375,CCCC1=NC(C(C)(C)O)=C(C(=O)O)N1CC1=CC=C(C2=CC=CC=C2C2=NN=NN2)C=C1,0.0
376,ClC1=CC=C(COC(CN2C=CN=C2)C2=CC=C(Cl)C=C2Cl)C=C1,0.0
377,CC(C)CC1SC(C2=NC=CS2)=NC=1C(=O)NCC1=CC=C(F)C=C1,0.0
378,OC1=C(Cl)C=C(Cl)C2=CC=CN=C12,0.0
379,COC1=CC=CC(CCC2=CC=CC=C2OCC(CN(C)C)OC(=O)CCC(=O)O)=C1,0.0
380,CCOC1=CC(C2=NC=CC3=CC(OC)=C(OC)C=C23)=CC(OCC)=C1OCC,0.0
381,COC1=CC=C2C3C45CC[N+](C)([O-])C(C2)C4C=CC(O)C5OC1=3,0.0
382,CC12CCC3C4CCC(=O)C=C4CCC3C1CCC2=O,0.0
383,CCCCCCCCCCCC(=O)O,0.0
384,OC1=CC=C2C3C45CCN(CC6CCC6)C(C2)C4(O)CCC(O)C5OC1=3,0.0
385,O=C(O)CC(NC(=O)C1CCCN(C(=O)CCC2CCNCC2)C1)C1=CC=CN=C1,0.0
386,CCN(CC)C(=O)C(C#N)=CC1=CC(O)=C(O)C([N+](=O)[O-])=C1,0.0
387,COc1cc2occc2c2oc(=O)ccc12,0.0
388,CC(=O)OCC(=O)C1(O)C(C)CC2C3CC(F)C4=CC(=O)C=CC4(C)C3C(O)CC12C,0.0
389,CC(=O)C=C(C)NCCNC(C)=CC(C)=O,0.0
390,O=C(O)C(=O)CC1=CNC2=CC=CC=C12,0.0
391,O=C(NNCS(=O)(=O)O)C1=CC=NC=C1,0.0
392,COC(=O)C=CC(=O)OCCN1C(=O)CCC1=O,0.0
393,CC(C)(C)C(O)C=CC1=CC=C2C(OCO2)=C1,0.0
394,CC1C=NC(C(=O)NCCC2=CC=C(S(=O)(=O)NC(=O)NC3CCCCC3)C=C2)=CN=1,0.0
395,CC1=CC=CC=C1C(OCCN(C)C)C1=CC=CC=C1,0.0
396,CC(C)(O)C(=O)NC1=CC=C([N+](=O)[O-])C(C(F)(F)F)=C1,0.0
397,O=c1cc[nH]c(=O)[nH]1,0.0
398,N=c1cc[n]2c(OC3C(O)C(CO)OC32)n1,0.0
399,CC1=CC=C(C2=NC(C)=C(CN3CCN(C(C4=CC=CC=C4)C4=CC=CC=C4)CC3)N2)C=C1,0.0
400,NC1N=C(OCC2=CC(Br)=CS2)C2NC=NC=2N=1,0.0
401,N=C(N)NN=CC1=C(Cl)C=CC=C1Cl,0.0
402,COC1=CC=C(c2ccc(=O)[n](CC3=CC=C(Cl)C=C3F)c2)C=C1,0.0
403,CC1CCCC(C)N1CCCC(O)(C1=CC=CC=C1)C1=CC=CC=N1,0.0
404,COC(=O)NC1=C(N)N=C(C2=NN(CC3=CC=CC=C3F)C3=NC=CC=C23)N=C1N,0.0
405,NC1=CC=C(C(=O)O)C(O)=C1,0.0
406,NC1=CC=C(S(=O)(=O)NC2C=CC(Cl)=NN=2)C=C1,0.0
407,C1=CC=C(C2=CC(CCC3CCNCC3)=C3C=CC=CC3=N2)C=C1,0.0
408,C=CCN1CCC23C4=C5C=CC(=C4OC2C(O)C=CC3C1C5)O,0.0
409,O=P(O)(O)OC(CO)CO,0.0
410,CC(C)=CCCC(C)=CCC1=C(C)C(=O)C2=CC=CC=C2C1=O,0.0
411,CC(C)(C)NCC(O)C1=CC=C(O)C(CO)=C1,0.0
412,OC1CN2CCC(O)C2C(O)C1O,0.0
413,O=C(NC1=CC=CC=C1F)NC1N=C(C2=CC=CC=C2)C2=CC=CC=C2NC1=O,0.0
414,COC1=CC2NC(C)=C(CCN3CCN(C4=CC=CC=C4OC)CC3)C=2C=C1OC,0.0
415,CC1=NS(=O)(=O)C2=CC(Cl)=CC=C2N1,0.0
416,SC1=NC=NC2N=CNC1=2,0.0
417,CCOC(=O)C1=C(C)NC(C)=C(C(=O)OC)C1C1=CC=CC(Cl)=C1Cl,0.0
418,CCCCN(CCCC)CCNC1=NC(C2=CC=CC=C2)=NO1,0.0
419,NC(CC1=CNC2=CC=CC=C12)C(=O)O,0.0
420,COC1=CC(C=C2SC(=O)NC2=O)=CC=C1OC1=CC=C(C#N)C=C1C(F)(F)F,0.0
421,O=C1NCCN1CCN1CCC(C2=CN(C3=CC=C(F)C=C3)C3=CC=C(Cl)C=C23)CC1,0.0
422,OCC(O)COC1=CC=C(Cl)C=C1,0.0
423,CCOC(=O)C(CCC1=CC=CC=C1)CC1(C(=O)NC2CCC3=CC=CC=C3N(CC(=O)O)C2=O)CCCC1,0.0
424,CC(=O)C12OC(C)(C3=CC=CC=C3)OC1CC1C3CCC4=CC(=O)CCC4(C)C3CCC21C,0.0
425,O=C1NC2=CC=C(Cl)C=C2C(C#CC2CC2)(C(F)(F)F)O1,0.0
426,CC1=CC=C(O)C=C1,0.0
427,O=C(O)C1=NN(C2=CC=C(S(=O)(=O)O)C=C2)C(O)=C1N=NC1=CC=C(S(=O)(=O)O)C=C1,0.0
428,CC(C)(C)C1=CC=C(C(O)CCCN2CCC(C(O)(C3=CC=CC=C3)C3=CC=CC=C3)CC2)C=C1,0.0
429,CON=C(C#N)C1CN2CCC1CC2,0.0
430,Cc1nc2ccccc2c(=O)[n]1C1=CC=CC=C1Cl,0.0
431,CC1OC(OC2C(CO)OC(OC3C(CO)OC(O)C(O)C3O)C(O)C2O)C(O)C(O)C1NC1C=C(CO)C(O)C(O)C1O,0.0
432,CN(C)CC1=C(C(=O)NCCOC2=CC=C(C(=O)NO)C=C2)OC2=CC=CC=C12,0.0
433,NC(=O)OCC(O)C1=CC=CC=C1Cl,0.0
434,CCOC(=O)C1=CC=C(OCCC2CCN(C3C=CC(C)=NN=3)CC2)C=C1,0.0
435,OCC1OC(C2=CC=C(Cl)C(CC3=CC=C(OC4CCOC4)C=C3)=C2)C(O)C(O)C1O,0.0
436,CCCC1=CC(C(N)=S)=CC=N1,0.0
437,O=C(CO)C1CCCN1C(=O)C1CCCN1C(=O)NCC1=CC=CC=C1,0.0
438,NC(=O)NO,0.0
439,CNC(=O)C1=CC=CC(NCC(=O)NCCC2=CC=C(OC)C(OC)=C2)=C1,0.0
440,COC1=CC=C2C=CC=C(CCNC(C)=O)C2=C1,0.0
441,CC1(C)OC2CC3C4CC(F)C5=CC(=O)C=CC5(C)C4(F)C(O)CC3(C)C2(C(=O)CO)O1,0.0
442,CC(=O)C1(O)CCC2C3CCC4=CC(=O)C=CC4(C)C3C(O)CC12C,0.0
443,CCOC(=O)[n]1cc[n](C)c1=S,0.0
444,CC1CC2C3CC(F)C4=CC(=O)C=CC4(C)C3C(O)CC2(C)C1C(=O)CO,0.0
445,CC(=O)N(CC(O)CO)C1=C(I)C(C(=O)NCC(O)CO)=C(I)C(C(=O)NCC(O)CO)=C1I,0.0
446,COC1=CC=CC(C(O)C2CCN(CCC3=CC=C(F)C=C3)CC2)=C1OC,0.0
447,CC(=O)C1=CC=C2C(N(CCCN3CCN(CCO)CC3)C3=CC=CC=C3S2)=C1,0.0
448,NC1=NC=NC2=C1N=CN2C1CC(O)C(CO)O1,0.0
449,NCCC(O)C(=O)NC1CC(N)C(OC2OC(CN)C(O)C(O)C2N)C(OC2OC(CO)C(O)C2O)C1O,0.0
450,CC1(C)OC2CC3C4CCC5=CC(=O)C=CC5(C)C4(F)C(O)CC3(C)C2(C(=O)CO)O1,0.0
451,C1=CC=C(CN2C=C(CCC3=CC=NC=C3)C3=CC=CC=C23)C=C1,0.0
452,CC1CCC2C(C)C3CCC4(O)C(CC5C4CC(=O)C4CC(=O)CCC54C)C3CN2C1,0.0
453,Cc1ccc2c([nH]c(=O)c3c(=O)cc(C(=O)OCCC(C)C)oc32)c1C,0.0
454,O=C(C1=CC=C(F)C=C1)C1CCN(CC[n]2c(=O)[nH]c3ccccc3c2=O)CC1,0.0
455,CC(C)(C)CC(C)(C)C1=CC=C(OCOCCOCCO)C(CC2=CC(C(C)(C)CC(C)(C)C)=CC(CC3=CC(C(C)(C)CC(C)(C)C)=CC=C3OCOCCOCCO)=C2OCOCCOCCO)=C1,0.0
456,CN1CCC2=CC(Cl)=C(O)C=C2C2C3=CC=CC=C3CCC12,0.0
457,CC[n]1cc(C(=O)O)c(=O)c2cc(F)c(N3CCNC(C)C3)c(F)c12,0.0
458,CC12CCC3C(CC=C4CC(O)CCC43C)C1CCC2=O,0.0
459,CCCCCCCCCCCCCCCCCC(=O)O,0.0
460,CC(C)CCCC(C)NC(C)C,0.0
461,O=C(NC(Cc1cc(=O)[nH]c2ccccc12)C(=O)O)C1=CC=C(Cl)C=C1,0.0
462,CC12CCC3C(CC=C4CC(O)CCC43C)C1CC=C2N1C=NC2=CC=CC=C12,0.0
463,O=C1CN=C(C2=CC=CC=C2Cl)C2=CC([N+](=O)[O-])=CC=C2N1,0.0
464,CC(=O)OC1CCC2C3CCC4=CC(O)=CC=C4C3CCC12C,0.0
465,CN(C)CCCOC1(CC2=CC=CC=C2)CCCCCC1,0.0
466,CC(=O)OC(CC(=O)O)C[N+](C)(C)C,0.0
467,C#CCNC1CCC2=CC=CC=C12,0.0
468,COC1CC(OC2C(C)C(=O)OC(C)C(C)C(O)C(C)C(=O)C3(CO3)CC(C)C(OC3OC(C)CC(N(C)C)C3O)C2C)OC(C)C1O,0.0
469,O=C(O)C1=CC=CC=C1S,0.0
470,CN1CCN(C(C2=CC=CC=C2)C2=CC=C(Cl)C=C2)CC1,0.0
471,CCN(CC1=CC=NC=C1)C(=O)C(CO)C1=CC=CC=C1,0.0
472,CN(C)C1CC(C2=CC=CC=C2)C2=CC=CC=C12,0.0
473,O=c1[nH]c(=O)c2ccccc2o1,0.0
474,O=C(NC1CN2CCC1CC2)c1c[nH]c2ccsc2c1=O,0.0
475,CC(NCCCCC1=CC=CC=C1)C(O)C1=CC=C2C(CCS2)=C1,0.0
476,COCC1C(C2=CC3=CC(C)=CC(OC)=C3S2)=C2C(N)=NC=NN2C=1CN1CCNC(=O)C1,0.0
477,OCC1OC(C2=CC=C(F)C(CC3=CC4=CC=CC=C4S3)=C2)C(O)C(O)C1O,0.0
478,C=C1CCC2C(CC2(C)C)C(=O)CCC1O,0.0
479,NS(=O)(=O)C1=CC(C(=O)NN2CC3C4CCC(C3C2)C4)=CC=C1Cl,0.0
480,CN(C)CCCN1C2=C(CCCCCC2)C2=CC=CC=C12,0.0
481,NC(N)=NC1=NC(CSCCC(N)=NS(N)(=O)=O)=CS1,0.0
482,CN1CCC(=C2C3=CC=CC=C3CCN3C(C=O)=CN=C23)CC1,0.0
483,CC(C)C(NC(=NS(=O)(=O)C1=CC=C(Cl)C=C1)N1CC(C2=CC=CC=C2)C(C2=CC=C(Cl)C=C2)=N1)C(N)=O,0.0
484,FC1=CC=C(CN2CCC(NC3C=CC(C(F)(F)F)=NN=3)CC2)C=C1F,0.0
485,O=C(O)C1CCC2=CC(C3CCCCC3)=C(Cl)C=C12,0.0
486,CCCCC1C(=O)N(C2=CC=CC=C2)N(C2=CC=C(O)C=C2)C1=O,0.0
487,NC1=CC=C(S(=O)(=O)O)C=C1,0.0
488,CCN(CC)CCNC(=O)C1=CC=C(N)C=C1,0.0
489,CCN(CC)C(=S)SSC(=S)N(CC)CC,0.0
490,CC1(C)OC2CC3C4CC(F)C5=CC(=O)C=CC5(C)C4(Cl)C(Cl)CC3(C)C2(C(=O)CCl)O1,0.0
491,CC(=O)OCC(=O)C1(O)CCC2C3CCC4=CC(=O)CCC4(C)C3C(O)CC12C,0.0
492,CS(=N)(=O)CCC(N)C(=O)O,0.0
493,O=C(O)CCCNC(=O)C1=CC=CN=C1,0.0
494,CC1C(=O)OC2C(O)C34C5(C(=O)OC3CC(C34C(O5)OC(=O)C3O)C(C)(C)C)C12O,0.0
495,O=c1[nH]c(=O)[n](C2CCCO2)cc1F,0.0
496,CC(C)(CO)C(O)C(=O)NCCC(=O)O,0.0
497,CCC1(C2=CC=CC=C2)C(=O)N(COC)C(=O)N(COC)C1=O,0.0
498,CCOC(=O)C(CCC1=CC=CC=C1)NC(C)C(=O)N1C(C(=O)O)CC2CCCC12,0.0
499,O=C(O)C1CC(C2CCCCN2)CN2CCCCC12,0.0
500,NC1N=C(OC(C2=CC=C(C3=CC=CC(F)=C3)C=C2)C(F)(F)F)C=C(C2=CC=C(CC(N)C(=O)O)C=C2)N=1,0.0
501,CON=C(C(=O)NC1C(=O)N2C(C(=O)O)=C(C[N+]3(C)CCCC3)CSC12)C1=CSC(N)=N1,0.0
502,C=CCOC(CN1C=CN=C1)C1=CC=C(Cl)C=C1Cl,0.0
503,NS(=O)(=O)NCC1COC2=CC(Cl)=CC=C2O1,0.0
504,CCOP(=S)(OCC)Oc1ccc2c(C)c(Cl)c(=O)oc2c1,0.0
505,NC1=NC(Cl)=NC2=C1N=CN2C1OC(CO)C(O)C1F,0.0
506,CCCCCCCC(=O)NC(CN1CCCC1)C(O)C1=CC=C2C(OCCO2)=C1,0.0
507,CC1=C(C(=O)O)N2C(=O)C(NC(=O)C(N)C3=CC=C(O)C=C3)C2SC1,0.0
508,O=C1NCCN1CCN1CCN(C2CC(C3=CC=C(F)C=C3)C3=CC=CC=C23)CC1,0.0
509,OCC1OC(OC2=CC(O)=CC(C=CC3=CC=C(O)C=C3)=C2)C(O)C(O)C1O,0.0
510,CC12CCC3C4=CC=C(O)C=C4CCC3C1CCC2OC(=O)CCC1CCCC1,0.0
511,COC(=O)C1=C(C)C=C(OC(=O)C2=C(C)C=C(O)C(C=O)=C2O)C(C)=C1O,0.0
512,C[n]1c(=O)[nH]c(=O)c2[nH]cnc12,0.0
513,CCOC(=O)C=C(C)C=CC=C(C)C=CC1=C(C)C=C(OC)C(C)=C1C,0.0
514,COC1=CC(N)=C(Cl)C=C1C(=O)NC1CN2CCC1CC2,0.0
515,CCCC1=C(OCCCCCOC2=CC3=C(CCC(C(=O)O)O3)C=C2C(C)=O)C=CC(C(C)=O)=C1O,0.0
516,O=C1C2=CC(Cl)=CC=C2OC2CCON12,0.0
517,CC1SC=C2C=1N(C(=O)CN1CCN(C)CC1)C1=CC=CC=C1NC2=O,0.0
518,COC1=CC=CC=C1OC1=C(NS(=O)(=O)C2=CC=C(C)C=N2)N=C(C2=CC=NC=C2)N=C1OC,0.0
519,CCC1=NC2C(C)=NC(C)=CC=2N1C1=CC=C(CCNC(=O)NS(=O)(=O)C2=CC=C(C)C=C2)C=C1,0.0
520,CC1=NN=C(C(CCN2CC3CCC2CC3)(C2=CC=CC=C2)C2=CC=CC=C2)O1,0.0
521,CCC(=O)N(C1=CC=CC=C1)C1(C(=O)OC)CCN(CCC(=O)OC)CC1,0.0
522,FC1=CC=C(C(OCCN2CCN(CCCC3=CC=CC=C3)CC2)C2=CC=C(F)C=C2)C=C1,0.0
523,O=C(C1C=CC2=NON=C2C=1)N1CCOCC1,0.0
524,COC1=CC=CC=C1c1coc2cc(O)ccc2c1=O,0.0
525,CN1C(=O)CC(=O)N(C2=CC=CC=C2)C2=CC(Cl)=CC=C12,0.0
526,CC1(C)NC(=O)N(C2=CC=C([N+](=O)[O-])C(C(F)(F)F)=C2)C1=O,0.0
527,CC1N=C(N2CCOCC2C)N=C(N2C=CN=C2)C=1[N+](=O)[O-],0.0
528,COC1=CC=CC=C1CNCCCCCCNCCCCCCCCNCCCCCCNCC1=CC=CC=C1OC,0.0
529,NC1(C2=CC=C(c3nc4cc[n]5c(=O)[nH]nc5c4cc3C3=CC=CC=C3)C=C2)CCC1,0.0
530,CC(C)C(N)C(=O)OCCOC[n]1cnc2c(=O)nc(N)[nH]c12,0.0
531,CNC1C(O)C(NC)C(O)C2OC3OC(C)CC(=O)C3(O)OC12,0.0
532,NC1=NCC2C3=CC=CC=C3CC3=CC=CC=C3N12,0.0
533,COc1c2occc2cc2ccc(=O)oc12,0.0
534,CN1N=NC2=CC=C(C(C3=CC=C(Cl)C=C3)N3C=NC=N3)C=C12,0.0
535,O=C(CN1C(=O)C2(CCCC2)NCC1C1=CC(F)=CC(F)=C1)NC1=CC=C2C(CC3(C2)C(=O)NC2=NC=CC=C32)=C1,0.0
536,N#CC1=CC=CC=C1c1cc(C2=CC=CC=N2)c[n](C2=CC=CC=C2)c1=O,0.0
537,C1=CC=C(C2CN3CCSC3=N2)C=C1,0.0
538,CC=C(C)C(=O)OC1C(OC(C)=O)C2(CO)C(O)CC3(C)C(C2CC1(C)C)=CCC1C2(C)CCC(OC4OC(C(=O)O)C(OC5OC(CO)C(O)C(O)C5O)C(O)C4OC4OC(CO)C(O)C(O)C4O)C(C)(CO)C2CCC31C,0.0
539,CC(=O)NCCOC(=O)C(OC1=CC=CC(C(F)(F)F)=C1)C1=CC=C(Cl)C=C1,0.0
540,CC(C)CC1C(=O)N2CCCC2C2(O)OC(NC(=O)C3C=C4C5C=CC=C6NC=C(CC4N(C)C3)C=56)(C(C)C)C(=O)N12,0.0
541,NC(=O)C1=CC=C(I)C([N+](=O)[O-])=C1,0.0
542,O=C(NC(CC1=CNC2=CC=CC=C12)C(=O)O)C1=CC=C(Cl)C=C1,0.0
543,CNC1=C2C(CCCC2)=NN1C,0.0
544,CCC(CC1=C(I)C=C(I)C(N)=C1I)C(=O)O,0.0
545,CN=C(NS(=O)(=O)C1=CC=C(Cl)C=C1)N1CC(C2=CC=CC=C2)C(C2=CC=C(Cl)C=C2)=N1,0.0
546,O=C1NC(=O)C(CC2=CC=C3C=C(OCC4=CC=CC=C4F)C=CC3=C2)S1,0.0
547,O=C1CC(C2=CC=C(O)C(O)=C2)OC2=CC(O)=CC(O)=C12,0.0
548,OCCN1CCN(CCCN2C3=CC=CC=C3C=CC3=CC=CC=C23)CC1,0.0
549,CN1C2CCC1CC(OC1C3=CC=CC=C3CCC3=CC=CC=C13)C2,0.0
550,NNCC1=CC=CC=C1,0.0
551,C#CC1(O)CCC2C3CCC4=CC(O)=CC=C4C3CCC12C,0.0
552,C[n]1c(=O)[nH]c2nc[n](C)c2c1=O,0.0
553,CCCc1cc(=O)[nH]c(=S)[nH]1,0.0
554,CC(=O)N(O)CCCCCNC(=O)CCC(=O)N(O)CCCCCNC(=O)CCC(=O)N(O)CCCCCN,0.0
555,CC(=O)OCCN1CCN(CCCN2C3=CC=CC=C3SC3=CC=C(Cl)C=C23)CC1,0.0
556,CC(CC1=CC=CC=C1)N(C)CC1=CC=CO1,0.0
557,O=C(O)C1=CC(O)C(O)C(O)C1,0.0
558,CCC1(CC(=O)O)OCC(CC2=CC=CC=C2)C2=C1NC1=CC=CC=C12,0.0
559,C1=CC=C2C(CCCC3=CC(NCCN4CCOCC4)=NN=C32)=C1,0.0
560,CN1C(=O)N(C2=CC(Cl)=CC(Cl)=C2)C(=O)C1(C)CC1=CC=C(Br)C=C1,0.0
561,C=C1CC23CC1(O)CCC2C12C=CC(O)C(C)(C(=O)O1)C2C3C(=O)O,0.0
562,NC1=NC(=O)N(C2CC(O)C(CO)O2)CN1,0.0
563,N=C(N)NCCNS(=O)(=O)C1=CC=CC2=CN=CC=C12,0.0
564,NC1=NC=NC2=C1N=CN2C1OC(CO)C(O)C1O,0.0
565,CC(O)COCC1OC2OC3C(COCC(C)O)OC(OC4C(COCC(C)O)OC(OC5C(COCC(C)O)OC(OC6C(COCC(C)O)OC(OC7C(COCC(C)O)OC(OC8C(COCC(C)O)OC(OC1C(O)C2O)C(O)C8O)C(O)C7O)C(O)C6O)C(O)C5O)C(O)C4O)C(O)C3O,0.0
566,NC(=O)C1(N2CCCCC2)CCN(CCCN2C3=CC=CC=C3CCC3=CC=C(Cl)C=C23)CC1,0.0
567,NC1NN=CC=1C1=CC(Cl)=CC=C1OC1=CC(F)=C(S(=O)(=O)NC2=CSC=N2)C=C1Cl,0.0
568,C1=CC=C(C2(C3=CC=CC=C3)OCC(C3CCCCN3)O2)C=C1,0.0
569,CC1=CC=C(C2=NC=C(Cl)C=C2C2=CC=C(S(C)(=O)=O)C=C2)C=N1,0.0
570,O=C(O)C1=CC(O)=C2C=CC=C(O)C2=N1,0.0
571,CC(C)(C)C1=CC2=C(C=C(C(=O)O)C(C(F)(F)F)O2)C=C1Cl,0.0
572,COC1=CC(O)=C(C(C)=O)C(OC)=C1,0.0
573,NC(=O)CNC1CC2=CC=CC=C2C1,0.0
574,CC12CCC3C4=CC=C(O)C=C4CCC3C1CC(O)C2O,0.0
575,O=C1CN2CCOC2(C2=CC=CC=C2Cl)C2=CC(Cl)=CC=C2N1,0.0
576,COC1=CC=C2C3C45CCN(C)C(C2)C4C=CC(OC(C)=O)C5OC1=3,0.0
577,CCN(CC)CCNC(=O)C1=CC(S(C)(=O)=O)=CC=C1OC,0.0
578,CNCCOC(C1=CC=CC=C1)C1=CC=CC=C1C,0.0
579,CC(OC1=CC=C(Cl)C=C1Cl)C(=O)O,0.0
580,CC1=C(C(=O)N2CCOC3=CC=C(C4=CC=C(N)N=C4)C=C3C2)C=CC(S(C)(=O)=O)=C1F,0.0
581,CCCOC(=O)C1=CC=C(O)C=C1,0.0
582,CCC12CCCN3CCC4=C(C13)N(C1=CC=CC=C14)C(O)(C(=O)OC)C2,0.0
583,N#CC(C1=CC=C(Cl)C=C1)C1=C(Cl)C=C([n]2ncc(=O)[nH]c2=O)C=C1Cl,0.0
584,CCOC1=CC2=NC=C(C#N)C(NC3=CC=C(OCC4=CC=CC=N4)C(Cl)=C3)=C2C=C1NC(=O)C=CCN(C)C,0.0
585,CC1(C)OC(=O)NC2=CC=C(Br)C=C12,0.0
586,CN1C(=O)CC(C)(C2=CC=CC=C2)C1=O,0.0
587,CCC(C(=O)OCCOCCN(CC)CC)C1=CC=CC=C1,0.0
588,CN1C(=N)N(C2=CC=CC=C2)CC1=O,0.0
589,COC1=CC2=C(C3CC(=O)C(CC(C)C)CN3CC2)C=C1OC,0.0
590,OC1=CC=C(C2COC3=CC(O)=CC=C3C2)C=C1,0.0
591,CCC(=O)N(C1=CC=CC=N1)C(C)CN1CCCCC1,0.0
592,CCC(=O)N(C1=CC=CC=C1)C1CCN(CCC2=CC=CC=C2)CC1C,0.0
593,CN1CCC(=C2C3=CC=CC=C3OC3=CC=C(Cl)C=C23)CC1,0.0
594,CC1=CC=C(CN2C(NC3CCNCC3)=NC3=CC=CN=C23)O1,0.0
595,CN(C)CCC1=CNC2=CC=C(O)C=C12,0.0
596,CN1CC(=O)N=C1N,0.0
597,C1=CC=C(C(CCN2CCCCCC2)C2=CC=CC=C2)C=C1,0.0
598,COC1=CC=C(C=CC2=CC(OC)=C(OC)C(OC)=C2)C=C1O,0.0
599,CC1C=CSC=1C(=CCCN1CCCC(C(=O)O)C1)C1SC=CC=1C,0.0
600,CC(=O)OCC(=O)C1(O)CCC2C3CCC4=CC(=O)CCC4(C)C3C(=O)CC12C,0.0
601,CCN1C(=O)NC(C2=CC=CC=C2)C1=O,0.0
602,COC12C(COC(N)=O)C3=C(C(=O)C(C)=C(N)C3=O)N1CC1NC21,0.0
603,C[N+](C)(C)CCCCC[N+](C)(C)C,0.0
604,CCN1C(=S)N(C2=CC=C(N3CCN(C4=CC=C(O)C=C4)CC3)C=C2)C(=O)C1(C)C,0.0
605,CC(C)(C)C(=O)OCOC(=O)C1N2C(=O)C(N=CN3CCCCCC3)C2SC1(C)C,0.0
606,CC(=O)OCC1=C(C(=O)O)N2C(=O)C(NC(=O)CSC3=CC=NC=C3)C2SC1,0.0
607,CNCCC1=CC=C(O)C(O)=C1,0.0
608,CC(C)(C)NCC(O)COC1=CC=C(NC(=O)NC2CCCCC2)C=C1,0.0
609,O=C(C=CC1=CC=C(O)C(O)=C1)OC(CC1=CC=C(O)C(O)=C1)C(=O)O,0.0
610,CCC1N=C2C=CC(Cl)=CN2C=1C(=O)NCC1=CC=C(N2CCC(C3=CC=C(OC(F)(F)F)C=C3)CC2)C=C1,0.0
611,CCOC(=O)C(CCC1=CC=CC=C1)NC(C)C(=O)N1CC2=CC(OC)=C(OC)C=C2CC1C(=O)O,0.0
612,C[N+]1(C)C2CCC1CC(OC(=O)C(CO)C1=CC=CC=C1)C2,0.0
613,CN1CCC2=CC3=C(C4=C2C1CC1=CC=CC=C14)OCO3,0.0
614,CCCC(=O)NC1=NC=NC2=C1N=CN2C1OC2COP(=O)(O)OC2C1OC(=O)CCC,0.0
615,CN(C)CCOC(C)(C1=CC=CC=C1)C1=CC=CC=N1,0.0
616,CC1=NC2=CC(C(C3=CC=CC=C3)N3C=CN=C3)=CC=C2N1,0.0
617,CC1(C)OC2=CC=C(C#N)C=C2C(N2CCCC2=O)C1O,0.0
618,OC1=CC(O)=C2C=C(O)C(C3=CC=C(O)C(O)=C3)=[O+]C2=C1,0.0
619,O=C(O)CC1=CC=CC(C2=CC(CCCCCCC3=CC=C(OC4OC(CO)C(O)C(O)C4O)C(C4=CC=CC(CC(=O)O)=C4)=C3)=CC=C2OC2OC(CO)C(O)C(O)C2O)=C1,0.0
620,CN(C)C1=CC=CC2=C(S(=O)(=O)NC3=CC=C(NC(=O)C(C)(C)CO)C=C3)C=CC=C12,0.0
621,O=C(O)C1CC(O)CN1,0.0
622,CCC(C)C(=O)OC1CC(O)C=C2C=CC(C)C(CCC(O)CC(O)CC(=O)O)C12,0.0
623,CC(=O)N=c1sc(S(N)(=O)=O)n[n]1C,0.0
624,CC(C)(C)CC(C)(C)C1=CC(CC2=CC(C(C)(C)CC(C)(C)C)=CC(N3N=C4C=CC=CC4=N3)=C2O)=C(O)C(N2N=C3C=CC=CC3=N2)=C1,0.0
625,CCCCCCCCCCCCCCCC(=O)O,0.0
626,CN(CCOC1=CC=C(CC2SC(=O)NC2=O)C=C1)C1=CC=CC=N1,0.0
627,CC12CCC(=O)CC1CCC1C2CCC2(C)C1CCC2(C)O,0.0
628,OC1=C(Br)C=C(Br)C2=CC=CN=C12,0.0
629,C[N+]1(CCC(C(N)=O)(C2=CC=CC=C2)C2=CC=CC=C2)CCCCC1,0.0
630,CC(N)C(O)C1=CC=C(O)C(O)=C1,0.0
631,NC(CC(=O)NO)C(=O)O,0.0
632,CC12CCC(=O)C=C1CCC1C2C(O)CC2(C)C1CCC2(O)C(=O)COP(=O)(O)O,0.0
633,NC(=O)C1C2=CC=CC=C2C=CC2=CC=CC=C12,0.0
634,CCC1(O)C(=O)OCc2c1cc1[n](c2=O)CC2=C1N=C1C=CC=CC1=C2CCNC(C)C,0.0
635,CC1=CC=C(N2N=CC=N2)C(C(=O)N2CCN(C3=NC4=CC(Cl)=CC=C4O3)CCC2C)=C1,0.0
636,NC(CCC(=O)O)C(=O)O,0.0
637,NC1=CC=NC=C1,0.0
638,CC1=CC=CC(C)=C1NC(=O)CN1CCCC1,0.0
639,[H]C([H])(OC(=O)C(C)C)C1(CCl)OC([n]2ccc(N)nc2=O)C(F)C1OC(=O)C(C)C,0.0
640,CCCCC(CC)C1NC(=O)N(SC(Cl)(Cl)Cl)C1=O,0.0
641,O=C1C2=CC=CC=C2C(=O)C1C1=CC=C(Cl)C=C1,0.0
642,CC(C)(C)C(=O)NNCC1=CC=CC=C1,0.0
643,CC1=CC=CC(C=NNC2=CC(N3CCOCC3)=NC(OCCC3=CC=CC=N3)=N2)=C1,0.0
644,O=C1C(=CC2=CC=CN=C2)C(=O)C2=CC=CC=C12,0.0
645,C[n]1c(=O)c2c(nc[n]2CC(O)CO)[n](C)c1=O,0.0
646,CC1(C)OC2CC(=O)OCC32C1CC(=O)C1(C)C3CCC2(C)C31OC3C(OC2C1C=COC=1)=O,0.0
647,COC1=CC=C(CCC(=O)C2=C(O)C=C(OC3OC(CO)C(O)C(O)C3OC3OC(C)C(O)C(O)C3O)C=C2O)C=C1O,0.0
648,O=c1c(O)cc(C2OC3=CC(O)=CC(O)=C3CC2O)cc2c(C3OC4=CC(O)=CC(O)=C4CC3O)cc(O)c(O)c12,0.0
649,CCCCCCCCCCCC(=O)OCC(O)CO,0.0
650,O=C(O)c1c[n](C2CC2)c2cc(N3CCC(O)(COC4=CC=C(N5CC(CO)OC5=O)C=C4F)CC3)c(F)cc2c1=O,0.0
651,CC1C=C(N2CCN(C3CNC(C(=O)N4CCSC4)C3)CC2)N(C2=CC=CC=C2)N=1,0.0
652,CC1=CC(O)=CC=C1Cl,0.0
653,CC1CCCC(C)N1,0.0
654,CCC1=NN(CCO)C(CC)=C1OC1=CC(C#N)=CC(C#N)=C1,0.0
655,O=c1c2ccccc2[se][n]1C1=CC=CC=C1,0.0
656,CC(C)C(=O)C1C(C(C)C)=NN2C=CC=CC=12,0.0
657,NC(=O)C1=CC=C(N(C(N)=O)C2=C(F)C=CC=C2F)N=C1C1=CC=C(F)C=C1F,0.0
658,CC(=O)OCC(CCN1C=NC2=CN=C(N)N=C12)COC(C)=O,0.0
659,O=C(O)C1=CC=CC=C1,0.0
660,CN(C(=O)CCCOC1=CC=C2N=C(O)C=CC2=C1)C1CCCCC1,0.0
661,CC(=O)OC1CCC2(C)C3CC=C4C5CC(C)(C)CCC5(C(=O)O)CCC4(C)C3(C)CCC2C1(C)C,0.0
662,CC1=NC(=O)C(CCN(C(C)C)C(C)C)(C2=CC=CC=C2)C2CCCCN12,0.0
663,CNCCC(OC1=CC=C(C(F)(F)F)C=C1)C1=CC=CC=C1,0.0
664,Cc1nc2[n](CCCC2O)c(=O)c1CCN1CCC(C2=NOC3=CC(F)=CC=C23)CC1,0.0
665,Cc1nc2cccc[n]2c(=O)c1CCN1CCC(C(=O)C2=CC=C(F)C=C2)CC1,0.0
666,C1C=CC2=C(C=C3C=CC4=C5C(=CC=C4)C=CC2=C35)C=1,0.0
667,NC1(C(=O)O)CCCC1,0.0
668,CC(=O)OC1(C(C)=O)CCC2C3C=C(Cl)C4=CC(=O)C5CC5C4(C)C3CCC12C,0.0
669,CC(C)NC1CCC(C2=CC=CC=C2)(C2=CC=CC=C2)CC1,0.0
670,CCCN1CCCC(C2=CC=CC(O)=C2)C1,0.0
671,CC(=O)OC1C=C2CCC3C(C2(C)CC1)CCC1(C)C(OC(C)=O)CCC31,0.0
672,CC12CCC3C(CCC4=CC(=O)CCC43C)C1CCC2C(=O)CO,0.0
673,COC1=CC(NCCCC(C)N)=C2N=CC=CC2=C1,0.0
674,O=[N+]([O-])OCC(CO[N+](=O)[O-])O[N+](=O)[O-],0.0
675,NCC(O)C1=CC=CC(O)=C1,0.0
676,COC1=CC(N)=C(Cl)C=C1C(=O)NC1CCN2CCCC1C2,0.0
677,CC(=O)NC1=CC=C(OC(C)(C)C)C=C1,0.0
678,CCCCCCCCCC(=O)OC1(C2=CC=C(Cl)C=C2)CCN(CCCC(=O)C2=CC=C(F)C=C2)CC1,0.0
679,C=C(C)C1C2OC(=O)C1C1(O)CC3OC43C(=O)OC2C14C,0.0
680,CC1C=C(CCCOC2=C(C)C=C(C3=NOC(C(F)(F)F)=N3)C=C2C)ON=1,0.0
681,CCN1C=C(C2C=CN=C3NC(C4=CC=CC(CN(C)C)=C4)=CC=23)C(C2=CC=C(NC(=O)N(C)C)C=C2)=N1,0.0
682,CC1CC2C3CC(F)C4=CC(=O)C=CC4(C)C3(Cl)C(O)CC2(C)C1C(=O)COC(=O)C(C)(C)C,0.0
683,O=C(O)CC(O)C(=O)O,0.0
684,NC1=CC=CC2=C1C(=O)C1=CC=CC(N)=C1C2=O,0.0
685,COC1=CC=C2C(C34CCN(C)C(C2)C3(O)CCC(O)C4)=C1OC,0.0
686,CC1N=C(NC2=NC=C(C(=O)NC3=C(C)C=CC=C3Cl)S2)C=C(N2CCN(CCO)CC2)N=1,0.0
687,CCOC(=O)C(COC(=O)CC1=CC=C(NC(=O)C2=CC=CC=C2C2=CC=C(C(F)(F)F)C=C2)C(C(=O)N(C)C)=C1)(C(=O)OCC)C1=CC=CC=C1,0.0
688,CN1CCC(N(CC2=CC=CS2)C2=CC=CC=C2)CC1,0.0
689,CC(=C(CCOP(=O)(O)O)SC(=O)C1=CC=CC=C1)N(C=O)CC1=CN=C(C)N=C1N,0.0
690,CC(C)(OC1=CC=C(CCNC(=O)C2=CC=C(Cl)C=C2)C=C1)C(=O)O,0.0
691,CC(=O)OCC(=O)C1(O)CCC2C3CC(C)C4=CC(=O)C=CC4(C)C3C(O)CC12C,0.0
692,CC12CCC(=O)C=C1CCC1C2C(=O)CC2(C)C1CCC2(O)C(=O)CO,0.0
693,CC[n]1cc(C(=O)O)c(=O)c2ccc(C3=CC=NC=C3)cc12,0.0
694,CC12CCC(=O)C=C1CCC1C3CCC(O)(C(=O)CO)C3(C)CC(O)C21F,0.0
695,CC(=O)OC1=CC=C(C(C2=CC=C(OC(C)=O)C=C2)C2=CC=CC=N2)C=C1,0.0
696,CC1=CN=C(N2CC3(CCOCC3)C2)C(C(=O)NC2=CC=C(C(=O)N3CCC4C=C(C(=O)NC5=C(C)C=CC=C5F)SC=4C4=CC=CC=C34)C=C2)=C1,0.0
697,COC(=O)C1=C(C)NC(C)=C(C(=O)OCCN(C)CC2=CC=CC=C2)C1C1=CC=CC([N+](=O)[O-])=C1,0.0
698,NC1=C(CC(=O)O)C=CC=C1C(=O)C1=CC=C(Br)C=C1,0.0
699,CC(=O)NC(CC(=O)O)C(=O)NC(CCC(=O)O)C(=O)O,0.0
700,CN(CC1=CC(Br)=CC(Br)=C1N)C1CCCCC1,0.0
701,CC1OC(OC2C(OC3=CC(O)=C4C(OC(C5=CC=C(O)C=C5)CC4=O)=C3)OC(CO)C(O)C2O)C(O)C(O)C1O,0.0
702,CCN(CC)CC(=O)NC1=C(C)C=CC=C1C,0.0
703,CC1=CC=NC(N)=C1,0.0
704,C1=CC=C2N=CC=CC2=C1,0.0
705,CC(=O)OC1C([N+]2(C)CCCCC2)CC2C3CCC4CC(OC(C)=O)C([N+]5(C)CCCCC5)CC4(C)C3CCC12C,0.0
706,CN(C)CCC=C1C2=CC=CC=C2C(C)(C)C2=CC=CC=C12,0.0
707,CCC(=O)N(C1=CC=CC=C1)C1CCN(CCC2=CC=CS2)CC1C,0.0
708,CC(C)(SC1=CC(C(C)(C)C)=C(O)C(C(C)(C)C)=C1)SC1=CC(C(C)(C)C)=C(O)C(C(C)(C)C)=C1,0.0
709,COC1=CC=C(C2CNC(=O)C(CC3=CC=CC(C)=C3)C2)C=C1OC1CCCC1,0.0
710,CC(C)OC(=O)C(C)NP(=O)(COC(C)CN1C=NC2=C(N)N=CN=C12)OC1=CC=CC=C1,0.0
711,COC1=CC=C2C(SC3=CC=C(C(C)C(=O)O)C=C3N2C)=C1,0.0
712,CN=C(CC1=CC=C2C=CC=CC2=C1)NC,0.0
713,CC1=C(C)C2=C(CCC(C)(COC3=CC=C(CC4SC(=O)NC4=O)C=C3)O2)C(C)=C1O,0.0
714,COC1=CC=CC=C1OCC(O)COC(N)=O,0.0
715,OC1=CC2=C(C3C4=CC=C(O)C(O)=C4OCC3(O)C2)C=C1O,0.0
716,OC(CCN1CCCCC1)(C1=CC=CC=C1)C1=CC=CC=C1,0.0
717,CC1C(=O)OC2C3N(CC2)CC=C3COC(=O)C(C)(O)C1(C)O,0.0
718,CC1(C)SC2C(NC(=O)C(N)C3=CC=CC=C3)C(=O)N2C1C(=O)OC1OC(=O)C2=CC=CC=C12,0.0
719,C1=CC=C2C(SC3=CC=CC=C3N2CCN2CCCC2)=C1,0.0
720,CC(C)(C)NCC(O)C1=CC=C(O)C(CS(C)(=O)=O)=C1,0.0
721,CC(CC1=CC=CC=C1)NN,0.0
722,C[n]1c(=O)cc(N2CCCC(N)C2)[n](CC2=CC=CC=C2C#N)c1=O,0.0
723,CCCCCCCCCCCCCCC(O)C(O)C(N)CO,0.0
724,NC1C2=CC=CN=C2C(OC(=O)N2CCC([n]3c(=O)[nH]c4ncccc34)CC2)CCC1C1=CC=CC(F)=C1F,0.0
725,CC1=NOC(C2=CC=C(C3=CC=C(C4(C(=O)O)CC4)C=C3)C=C2)=C1NC(=O)OC(C)C1=CC=CC=C1,0.0
726,C1=CN=C2C(CC3(CN4CCC3CC4)O2)=C1,0.0
727,O=C(NC1CCN(CCCCC2(C(=O)NCC(F)(F)F)C3=CC=CC=C3C3=CC=CC=C23)CC1)C1=CC=CC=C1C1=CC=C(C(F)(F)F)C=C1,0.0
728,COC1=CC=C(C2SC3=CC=CC=C3N(CCN(C)C)C(=O)C2OC(C)=O)C=C1,0.0
729,COCCCOC1=CC(CC(CC(N)C(O)CC(C(=O)NCC(C)(C)C(N)=O)C(C)C)C(C)C)=CC=C1OC,0.0
730,CCC(C)(C)C(=O)OC1CC(C)C=C2C=CC(C)C(CCC3CC(O)CC(=O)O3)C12,0.0
731,CNC(=NCCSCC1N=CNC=1C)NC#N,0.0
732,O=C(CCCCC(=O)NC1=C(I)C=C(I)C(C(=O)O)=C1I)NC1=C(I)C=C(I)C(C(=O)O)=C1I,0.0
733,CN1C2CCC1CC(OC(=O)C1=CNC3=CC=CC=C13)C2,0.0
734,O=C1CN=C(C2=CC=CC=C2Cl)C2=CC(Cl)=CC=C2N1,0.0
735,COc1c(N2CCNC(C)C2)c(F)cc2c(=O)c(C(=O)O)c[n](C3CC3)c12,0.0
736,Cc1c[n](C2CC(N=[N+]=[N-])C(CO)O2)c(=O)[nH]c1=O,0.0
737,O=C(O)CCCC1=CC=CC=C1,0.0
738,CN(C)CCC=C1C2=CC=CC=C2C=CC2=CC=CC=C12,0.0
739,OCC1=CC2=C(NC3=CC=CC=C32)C=N1,0.0
740,CCC(C)(NC1=CC=NC(C2=CNC3=NC=CC=C23)=N1)C(=O)NCC(F)(F)F,0.0
741,CCC(=O)OC1(C2=CC=CC=C2)CCN(C)CC1C,0.0
742,COC1=CC=C(C(=O)NCC2=CC=C(OCCN(C)C)C=C2)C=C1OC,0.0
743,NC(CC1=CNC2=CC=C(O)C=C12)C(=O)O,0.0
744,C[N+]1(C)C2CCC1CC(OC(=O)C(O)C1=CC=CC=C1)C2,0.0
745,CC(C)NCCCC1(C(N)=O)C2=CC=CC=C2C2=CC=CC=C12,0.0
746,CN(CC1=CC=C(C(C)(C)C)C=C1)CC1=CC=CC2=CC=CC=C12,0.0
747,O=C(O)C1=CC=CC=C1NC1=CC=CC=C1,0.0
748,CC(C)(O)CCC(O)C(C)(O)C1CCC2(O)C3=CC(=O)C4CC(O)C(O)CC4(C)C3CCC12C,0.0
749,CC(=O)OCC(=O)C1(O)C(OC(C)=O)CC2C3CCC4=CC(=O)C=CC4(C)C3(F)C(O)CC12C,0.0
750,NC1=CC=CC=C1NC(=O)C1=CC=C(CNC2N=CC=C(C3=CC=CN=C3)N=2)C=C1,0.0
751,CCC(CO)NC(=O)C1C=C2C3C=CC=C4NC=C(CC2N(C)C1)C=34,0.0
752,O=C(O)CC(S)C(=O)O,0.0
753,COC1=CC2C3(C4=C(C(=CC=C4CC2N(C)CC3)OC)O)CC1=O,0.0
754,COC1=CC=C(CC(C)C(C)CC2=CC=C(OC)C(OC)=C2)C=C1OC,0.0
755,CN1CCC23C4=C5C=CC(=C4OC2C(O)C=CC3C1C5)O,0.0
756,CCN(CC)CCN(CC)CC(=O)NC1=CC=CC=C1Cl,0.0
757,CCC(CC)C(C1=CC=C(NC2=NC3=CC=CC=C3S2)C=C1)N1C=NC=N1,0.0
758,CC1=C(C2=CC=CN=C2)N(CCCCCCCC(=O)O)C2=CC=CC=C12,0.0
759,NC1N=CN=C(NC2=CC=CC=C2)N=1,0.0
760,COC(=O)C1=COC(C)C2C[N+]3=CC=C4C(NC5=CC=CC=C54)=C3CC12,0.0
761,COC1=CC=C2C3C45CCN(C)C(C2)C4CCC(O)C5OC1=3,0.0
762,CC(=O)OC(C)C[N+](C)(C)C,0.0
763,CC(=O)NC1C(OC2C3=CC=C(C(Cl)=C3)OC3=CC4=CC(=C3OC3OC(CO)C(O)C(O)C3NC(=O)CCCCCCC(C)C)OC3=CC=C(CC5NC(=O)C(N)C6=CC=C(O)C(=C6)OC6=CC(O)=CC(=C6)C(C(=O)NC4C(=O)NC4C(=O)NC2C(=O)NC(C(=O)O)C2=CC(O)=CC(OC6OC(CO)C(O)C(O)C6O)=C2C2=CC4=CC=C2O)NC5=O)C=C3Cl)OC(CO)C(O)C1O,0.0
764,COC(=O)C1=C(C)NC(C)=C(C(=O)OCCCN2CCC(C3=CC=CC=C3)(C3=CC=CC=C3)CC2)C1C1=CC=CC([N+](=O)[O-])=C1,0.0
765,NC1=C2C(CCCC2)=NC2=C1CCC2,0.0
766,CN(C)C(=O)CCN1N=C(NC2=CC=C3C(OC(F)(F)O3)=C2)N=C1C1=CC=NC=C1,0.0
767,O=c1[nH]c(N2CCCCC2)nc2cc(Cl)ccc12,0.0
768,C=C1C([n]2cnc3c(=O)[nH]c(N)nc23)CC(O)C1CO,0.0
769,NC(=O)NS(=O)(=O)C1=CC=C(N)C=C1,0.0
770,NS(=O)(=O)NCCNC1=NON=C1C(=NO)NC1=CC=C(F)C(Br)=C1,0.0
771,CCOCC(O)COC1=CC=C(NC(=O)CC[S+](C)C)C=C1,0.0
772,CCOC(=O)C=CC(CC1CCNC1=O)NC(=O)C(CC(=O)C(NC(=O)C1C=C(C)ON=1)C(C)C)CC1=CC=C(F)C=C1,0.0
773,CCNC(=O)C1OC(N2C=NC3=C(N)N=C(C#CCC4CCC(C(=O)OC)CC4)N=C23)C(O)C1O,0.0
774,O=C(CN1C(C(=O)C2=CC=CC=C2)=C(O)C2=CC=CC=C2S1(=O)=O)NC1CCCCC1,0.0
775,CCC(=O)N(C1=CC=CC=C1)C1(C(=O)OC)CCN(CCC2=CC=CC=C2)CC1,0.0
776,CC(=O)OC1CC(OC2C(O)CC(OC3C(O)CC(OC4CCC5(C)C(CCC6C5CCC5(C)C(C7=CC(=O)OC7)CCC65O)C4)OC3C)OC2C)OC(C)C1OC1OC(CO)C(O)C(O)C1O,0.0
777,C#CCN(C)CCCOC1=CC=C(Cl)C=C1Cl,0.0
778,COC1=CC(NC2N=CC(F)=C(NC3=CC=C4C(N(COP(=O)(O)O)C(=O)C(C)(C)O4)=N3)N=2)=CC(OC)=C1OC,0.0
779,O=c1oc2ccccc2c(O)c1Cc1c(O)c2ccccc2oc1=O,0.0
780,COC1=CC(C=CC(=O)O)=CC(OC)=C1OC,0.0
781,CNC1C(OC2C(OC3C(O)C(O)C(NC(=N)N)C(O)C3NC(=N)N)OC(C)C2(O)C=O)OC(CO)C(O)C1O,0.0
782,NC1N=C(NC2CC2)C2N=CN(C3C=CC(CO)C3)C=2N=1,0.0
783,O=C(OCCN1CCOCC1)C1=CC=CN=C1NC1=CC=CC(C(F)(F)F)=C1,0.0
784,COC12CCC3(CC1C(C)(C)O)C14CCN(CC5CC5)C3CC3=CC=C(O)C(OC21)=C43,0.0
785,CC(C)=CC1C(CO)C1(C)C,0.0
786,CCC(=O)NS(=O)(=O)C1=CC=C(C2C(C3=CC=CC=C3)=NOC=2C)C=C1,0.0
787,CCC(CCC(C)C1CCC2C3CC=C4CC(OC(C)=O)CCC4(C)C3CCC12C)C(C)C,0.0
788,C#CC1(O)CCC2C3CCC4=CC5ON=CC=5CC4(C)C3CCC12C,0.0
789,NC(=O)C1NC=NC=1N,0.0
790,CC1CCCC(O)CCCCCC2=CC(O)=CC(O)=C2C(=O)O1,0.0
791,CN(C)C1=CC(NC(=O)CNC(C)(C)C)=C(O)C2=C1CC1CC3C(N(C)C)C(O)=C(C(N)=O)C(=O)C3(O)C(O)=C1C2=O,0.0
792,CN(C1=NC2=CC=CC=C2S1)C1CCN(CC(O)COC2=CC=C(F)C=C2)CC1,0.0
793,C=CCSCC1NC2=CC(Cl)=C(S(N)(=O)=O)C=C2S(=O)(=O)N1,0.0
794,O=C(C1=CC=C(Cl)C=C1)N1C=C(CC2=NN=NN2)C2=CC=CC=C12,0.0
795,OCCN(CCO)C1=NC(C2=CC=CC=C2)=C(C2=CC=CC=C2)O1,0.0
796,CCN(CC)C(=S)S,0.0
797,CCC(OC(C)=O)C(CC(C)NC)(C1=CC=CC=C1)C1=CC=CC=C1,0.0
798,OC(CN1C=NC=N1)(CN1C=NC(C=CC2=CC=C(OCC(F)(F)C(F)F)C=C2)=N1)C1=CC=C(F)C=C1F,0.0
799,COC1=NC=CN=C1NS(=O)(=O)C1=CC=C(N)C=C1,0.0
800,C[N+](C)(C)CCOC(N)=O,0.0
801,CCOC1=CC=C(NC(C)=O)C=C1,0.0
802,O=S(=O)(O)NC1CCCCC1,0.0
803,ClC1=CC=C2C(C(N3CCNCC3)=NC3=CC=CC=C3O2)=C1,0.0
804,COC1=CC(C(=O)O)=CC(OC)=C1O,0.0
805,C1C=NC2=CC3=C(C=C2N=1)C1CNCC3C1,0.0
806,NC(N)=NCCN1CCCCCCC1,0.0
807,O=c1cccc2[n]1CC1CNCC2C1,0.0
808,CC1=CC2=C(F)C(OC3=NC=NN4C=C(OCC(C)O)C(C)=C34)=CC=C2N1,0.0
809,CC1=CC=CC(NC(=O)NC2N=C(C3=CC=CC=C3)C3=CC=CC=C3N(C)C2=O)=C1,0.0
810,CN(CC(=O)N1CCOCC1)CC1=C(Cl)C=CC=C1NC(=O)C1=CC=CC=C1,0.0
811,COC1=CC(NS(C)(=O)=O)=CC=C1NC1=C2C=CC=CC2=NC2=CC=CC=C12,0.0
812,COC12C=CC3(CC1C(C)(C)O)C14CCN(CC5CC5)C3CC3=CC=C(O)C(OC21)=C43,0.0
813,CC12CCC3C(CCC4=CC(=O)CCC43C)C1CCC2(O)C(=O)CO,0.0
814,CNC(=O)C1OC(N2C=NC3=C(NCC4=CC=CC(I)=C4)N=C(Cl)N=C23)C(O)C1O,0.0
815,CCC(=O)OC1CCC2C3CCC4=CC(=O)CCC4(C)C3CCC12C,0.0
816,CCCC(C)C1(CC)C(=O)NC(=O)NC1=O,0.0
817,NC1=NC(N)=C(C2=CC=CC=C2)S1,0.0
818,C=C(C)CC1(CC)C(=O)NC(=S)NC1=O,0.0
819,[H]C1(O)C(CO)OC([n]2ccc(N)nc2=O)C1(C)O,0.0
820,CC1=CC=C(C(=CCN2CCCC2)C2=CC=CC(C=CC(=O)O)=N2)C=C1,0.0
821,CCOC(=O)NC1=CC=C2C(N(C(=O)CCN3CCOCC3)C3=CC=CC=C3S2)=C1,0.0
822,CC(C)(C)CC(C)(C)C1=CC=C(O)C(CC2=CC=C(Cl)C=C2Cl)=C1,0.0
823,CC1C=NC(NC(=O)NC2=CC(Br)=C(C)C=C2OCC2CNCCO2)=CN=1,0.0
824,CCN(CC)C(=O)C1CN2CCC3=CC(OC)=C(OC)C=C3C2CC1OC(C)=O,0.0
825,CC(=O)NC1=CC=C(C(=O)O)C=C1,0.0
826,CCC1=CC(NC2=NC(C3=CC=C(N4C=NC(C)=C4)C(F)=C3)=CS2)=C(C)C=C1C,0.0
827,COP(=O)(OC)OC=C(Cl)Cl,0.0
828,C1=CC2=C(C3=C4N2CCNC4CCC3)C=C1C1CCCCC1,0.0
829,CC(=O)OCC(=O)C1CCC2C3CC=C4CC(O)CCC4(C)C3CCC12C,0.0
830,O=S(=O)(C1=CC=CC=C1)C1=CN=C2C(N3CCNCC3)=CC=CC2=C1,0.0
831,CC1=CC(OC(=O)C2=C(C)C=C(O)C=C2O)=CC(O)=C1C(=O)O,0.0
832,COC1=CC(=O)CC(C)C21OC1=C(Cl)C(OC)=CC(OC)=C1C2=O,0.0
833,CC1(C)CC2C1CCC1(C)OC2(C)CCC1O,0.0
834,CC[N+](C)(CC)CCOC(=O)C(O)(C1=CC=CC=C1)C1CCCCC1,0.0
835,CNC(=O)COC1=CC=CC=C1OCC(O)CNC(C)(C)C,0.0
836,CC(C)=CCCC(C)=CCCC(C)=CCSC1=CC=CC=C1C(=O)O,0.0
837,O=C(O)C1=CC=C(OCCN2C=CN=C2)C=C1,0.0
838,N=C(N)C1=CC=C(OCCCCCOC2=CC=C(C(=N)N)C=C2)C=C1,0.0
839,O=C(C1=CC=CN=C1)N1CCOCC1,0.0
840,CCC(NC(C)C)C(O)c1ccc(O)c2[nH]c(=O)ccc12,0.0
841,CC1CC=CC=CC=CC=CC(OC2OC(C)C(O)C(N)C2O)CC2OC(O)(CC(O)C2C(=O)O)CC(O)CC2OC2C=CC(=O)O1,0.0
842,NC1=NC=NC2=C1N=C(Cl)N2C1OC(CO)C(O)C1O,0.0
843,COC1=CC=CC=C1N1CCN(CC(O)COC2=CC=CC3=CC=CC=C23)CC1,0.0
844,CCC(C)C(NC(=O)C(CCC(N)=O)NC(=O)C1CCCN1C(=O)C(CCCNC(=N)N)NC(=O)C1CCCN1C(=O)C(CC1=CNC2=CC=CC=C12)NC(=O)C1CCC(=O)N1)C(=O)N1CCCC1C(=O)N1CCCC1C(=O)O,0.0
845,CCCCNC1=C(C(=O)OCC)C(C)=NC2=C1C=NN2CC,0.0
846,COC1C=C2N=C(N(C)CCCNC(=O)C3CCCO3)N=C(N)C2=CC=1OC,0.0
847,CC1(COC2=CC=C(CC3SC(=O)NC3=O)C=C2)CCCCC1,0.0
848,CS(=O)(=O)OCC(O)C(O)COS(C)(=O)=O,0.0
849,CCC(C)C(C(=O)OC1CCN(C)CC1)C1=CC=CC=C1,0.0
850,CC(C)(C(=O)O)C1=CC=C(C(O)CCCN2CCC(C(O)(C3=CC=CC=C3)C3=CC=CC=C3)CC2)C=C1,0.0
851,CCOC1=CC=C(CC2=CC(C3OC(SC)C(O)C(O)C3O)=CC=C2Cl)C=C1,0.0
852,CC(C)=CCCC1(C)C=CC2=C(O)C3=C(C(CC=C(C)C)=C2O1)OC12C4CC(C(=O)C1(OC4(C)C)CC=C(C)C(=O)O)C=C2C3=O,0.0
853,CC1CCC2C34C(OC(C2C)OC(=O)CCC(=O)O)OC(C)(CCC13)OO4,0.0
854,CCCCCC=CCC=CCC=CCC=CCCCC(=O)NCCO,0.0
855,O=c1[nH]c2cc(F)ccc2[n]1CCCN1CCC([n]2c(=O)[nH]c3cc(Cl)ccc23)CC1,0.0
856,C#CC1(O)CCC2C3CCC4=CC(=NO)CCC4C3CCC12CC,0.0
857,CN1CCCN(C(C2=CC=CC=C2)C2=CC=C(Cl)C=C2)CC1,0.0
858,CCOC1OC(C(COCC2=CC=CC=C2)OCC2=CC=CC=C2)C(OCC2=CC=CC=C2)C1O,0.0
859,CC(C)CN(CC(O)C(CC1=CC=CC=C1)NC(=O)C(CC(N)=O)NC(=O)C1=CC=C2C=CC=CC2=N1)C(=O)NC(C)(C)C,0.0
860,Nc1cc[n](C2OC(CO)C(O)C2(F)F)c(=O)n1,0.0
861,CC(C)CCCCC(=O)NC(CCN)C(=O)NC(C(=O)NC(CCN)C(=O)NC1CCNC(=O)C(C(C)O)NC(=O)C(CCN)NC(=O)C(CCN)NC(=O)C(C(C)C)CNC(=O)C(CC(C)C)NC(=O)C(CCN)NC1=O)C(C)O,0.0
862,CC(C)Oc1ccc2c(=O)c(C3=CC=CC=C3)coc2c1,0.0
863,COC1=CC=C(N(C)C2N=C(C)N=C3C=CC=CC=23)C=C1,0.0
864,O=C(O)CCCCC1CCSS1,0.0
865,C=CC(=O)N1CCC(C2CCNC3=C(C(N)=O)C(C4=CC=C(OC5=CC=CC=C5)C=C4)=NN23)CC1,0.0
866,CC1=CC=CC=C1OCC(O)CNCC[n]1cc(C)c(=O)[nH]c1=O,0.0
867,COC1=CC=C2NC=C(CCN(C)C)C2=C1,0.0
868,CC12CC(O)C3C(CCC4=CC(=O)C=CC43C)C1CCC2(O)C(=O)CO,0.0
869,C=CC[n]1c(=O)c2cnc(NC3=CC=C(N4CCN(C)CC4)C=C3)nc2[n]1C1=CC=CC(C(C)(C)O)=N1,0.0
870,CC1=CC=C(C23CN4C=CC=C4C(=O)N2CCN3C(=O)C2=CON=C2C)C=N1,0.0
871,COC1=C(OC)C(=O)C(CCCCCCCCCCO)=C(C)C1=O,0.0
872,CC1=CC=C(C2OC(CO)C(O)C(O)C2O)C=C1CC1=CC=C(C2=CC=C(F)C=C2)S1,0.0
873,CC1=CC=C(Cc2cc3c(=O)[n](C4CCCCC4O)cnc3c3ccccc23)C=N1,0.0
874,CCCCC1C(=O)N(C2=CC=CC=C2)N(C2=CC=CC=C2)C1=O,0.0
875,O=c1[nH]cnc2c(C3NC(CO)C(O)C3O)c[nH]c12,0.0
876,CCN(CC)C(C)C(=O)C1=CC=CC=C1,0.0
877,CC(C)NCC(O)COC1=CC=C(CC(N)=O)C=C1,0.0
878,CC1(C)CNC2=CC(NC(=O)C3=CC=CN=C3NCC3=CC=NC=C3)=CC=C12,0.0
879,OB1OCC2=CC(F)=CC=C12,0.0
880,CC12CCC(C(=O)N(CCCCN3CCN(C4=CC=CC=N4)CC3)C1=O)C2(C)C,0.0
881,CC1=CC(=O)C2=C(C)CC(O)C3C(C)C(=O)OC3C12,0.0
882,CC(=O)NCC1CN(C2=CC=C(C3=CC=C(CNCC4=CN=NN4)C=C3)C(F)=C2)C(=O)O1,0.0
883,CN1C(=O)C(=NNC(N)=S)C2=CC=CC=C12,0.0
884,CCCCCCCCCC(=O)NC(CC1=CNC2=CC=CC=C12)C(=O)NC(CC(N)=O)C(=O)NC(CC(=O)O)C(=O)NC1C(=O)NCC(=O)NC(CCCN)C(=O)NC(CC(=O)O)C(=O)NC(C)C(=O)NC(CC(=O)O)C(=O)NCC(=O)NC(CO)C(=O)NC(C(C)CC(=O)O)C(=O)NC(CC(=O)C2=CC=CC=C2N)C(=O)OC1C,0.0
885,O=C(O)C1NC(C(=O)O)CS1,0.0
886,CNCC(O)C1=CC=C(O)C(OC)=C1,0.0
887,CN1C(=O)CCC1C1=CC=CN=C1,0.0
888,CN(C)CCOc1ccc2c(=O)c3ccc(OCCN(C)C)cc3oc2c1,0.0
889,CCCC1=CC2=C(O)C(C(=O)OC)=CN=C2C=C1N(CC)CC,0.0
890,O=C(O)CC1=CC(I)=C(OC2=CC=C(O)C(I)=C2)C(I)=C1,0.0
891,O=C(O)C=CC=CC1=CC=C2C(OCO2)=C1,0.0
892,OCCN1CCN(CCCN2C3=CC=CC=C3SC3=CC=C(Cl)C=C23)CC1,0.0
893,CCOC(C(=O)OCCN(C)C)(C1=CC=CC=C1)C1=CC=CC=C1,0.0
894,C=CCN1CC2=CC=CC=C2C2=CC=CC=C2C1,0.0
895,O=C(C1=CC=C(F)C=C1)C1CCN(CCCC[n]2c(=O)[nH]c3ccccc3c2=O)CC1,0.0
896,CC1=C(C)C(=O)C(C(CCCCCC(=O)O)C2=CC=CC=C2)=C(C)C1=O,0.0
897,CC12CCC3C4(C)CCCC(C)(C(=O)O)C4CCC3(CC1=O)C2,0.0
898,CC(C)C1=CC=C(C(=O)NCCOC2=CC=C(C(=O)O)C=C2)C=C1,0.0
899,NC(=O)N1C(=O)C(=C(O)C2=CC=CS2)C2=CC(Cl)=CC=C12,0.0
900,CNC1CCC(C2=CC=CC=C2)C2=CC=CC=C12,0.0
901,NC1=NC=NC2=C1N=CN2C1OC(COP(=O)(O)OP(=O)(O)OP(=O)(O)O)C(O)C1O,0.0
902,OC1=CC=C(Cl)C2=CC=CN=C12,0.0
903,CC1=C(CC(=O)O)C2=CC(F)=CC=C2C1=CC1=CC=C([S+](C)[O-])C=C1,0.0
904,CN(C)CCN(CC1=CC=CS1)C1=CC=CC=N1,0.0
905,NC1N=C(O)C2N=CN(COCCO)C=2N=1,0.0
906,CC(C)(C)NCC(O)COC1=CC=CC2=C1C(=O)OC2,0.0
907,O=C(O)COC1=CC=C(C(=O)C2=CC=CS2)C(Cl)=C1Cl,0.0
908,COC1=CC=C(C(=O)NC2(C(=O)O)CC3=CC=CC=C3C2)C=C1OCCC1=CC=CC(C)=C1,0.0
909,CN1C=NC2=C(F)C(NC3=CC=C(Br)C=C3Cl)=C(C(=O)NOCCO)C=C12,0.0
910,O=C(O)C(=O)CBr,0.0
911,O=C1C=CC(=O)C2=C1C=CC1=C2C=CC2=CC=CC=C12,0.0
912,CC(C)(C)NC(=O)C1CN(CC2=CC=CN=C2)CCN1CC(O)CC(CC1=CC=CC=C1)C(=O)NC1C2=CC=CC=C2CC1O,0.0
913,CC(=O)OCC1(O)CC23CCC4C5C=COC=5CCC4(C)C2CCC1C3,0.0
914,O=C(O)Cc1n[n](CC2=CC=C(Br)C=C2F)c(=O)c2ccccc12,0.0
915,CC1(C)CN(C(=O)C2=CC=C(C3=CC=CC4=NC(NC(=O)C5CC5)=NN34)C=C2)C1,0.0
916,CCOC(COC1=CC=C(C(F)(F)F)C=C1)CSC1=CC=C(OCC(=O)O)C(C)=C1,0.0
917,COC1=CC(NC2N=CC3=C(C4=CC=C(Cl)C=C4C(C4=C(F)C=CC=C4OC)=NC3)N=2)=CC=C1C(=O)O,0.0
918,CC1=CC=C(OC2=NC3=CC(C4=CC=C(C5=CC=CC=C5)C=C4)=C(Cl)C=C3N2)C=C1C(=O)O,0.0
919,CC1=C(CN2C=CN=C2)C2=CC=CC=C2N1CCC(=O)O,0.0
920,COC1=CC(NC(=O)NC2=CC=CC(CNC(=O)OC3CCOC3)=C2)=CC=C1C1=CN=CO1,0.0
921,CC1=CC=C(Cl)C(NC2=CC=CC=C2C(=O)O)=C1Cl,0.0
922,CC(C)(C)C1=CC=C(OC2=CC=C(N)C=N2)C=C1,0.0
923,CN1CCCC1C1=CC=CN=C1,0.0
924,COC1=C(O)C(=O)C2=C(C=C3OC(C(C)=O)=C(O)C3=C2O)C1=O,0.0
925,CC(C)CC(N)C(=O)O,0.0
926,CN1C(=O)CN=C(C2=CC=CC=C2F)C2=CC(Cl)=CC=C12,0.0
927,COC1=CC(C(=O)OC(COCCC(C)C)CN2CCOCC2)=CC(OC)=C1OC,0.0
928,CCOC(=O)C(CC)(C(=O)NCCN(CC)CC)C1=CC=CC=C1,0.0
929,COc1cccc2nc(NC3=CC(F)=CC(F)=C3)[nH]c(=O)c12,0.0
930,Cc1c(N(C)CS(=O)(=O)O)c(=O)[n](C2=CC=CC=C2)[n]1C,0.0
931,N=C(N)C1=CC=C(C(=O)NC(CC2=CC=C(O)C=C2)C(=O)N2CCC(OCC(=O)O)CC2)C=C1,0.0
932,C[N+](C)(C)CCOP(=O)([O-])OCC(O)CO,0.0
933,CCOC(=O)C(CCC1=CC=CC=C1)NC(C)C(=O)N1C(C(=O)O)CC2CCCCC12,0.0
934,NCCC1=CNC2=CC=CC=C12,0.0
935,COCC(=O)NC1=CC(COC2=CC=C(NC(=O)NC3=CC(C(C)(C)C)=NN3C3=CC=C(C)C=C3)C3=CC=CC=C23)=CC=N1,0.0
936,CCC12CCN(CC3(O)CC3)C(CC3=CC=C(O)C=C31)C2(C)C,0.0
937,CCN(CC)CCOC(C1=CC=CC=C1)C1=CC=CC=C1,0.0
938,CNC(=O)N1CC(OC2=CC=CC(C(F)(F)F)=C2)C1,0.0
939,COC1C2=CC=CC=C2N=C2OC=CC=12,0.0
940,FC1=CC=C(NC(=S)NC2=CC(Cl)=CC(Cl)=C2)C=C1,0.0
941,CN(C)CCOC(=O)C(C1=CC=CC=C1)C1(O)CCCC1,0.0
942,CC(C(=O)O)C1=CC=C2C(CC3=CC=CC=C32)=C1,0.0
943,CN1C2CC(OC(=O)C(O)(CO)C3=CC=CC=C3)CC1C1OC12,0.0
944,Nc1ccc2c(=O)[nH]c(NC3=CC(F)=CC(F)=C3)nc2c1,0.0
945,CC12CCC(=O)C(O)=C1CCC1C2CCC2(C)C1CCC2(C)O,0.0
946,COCC1=C(C(=O)OC(C)OC(=O)OC(C)C)N2C(=O)C(NC(=O)C(=NOC)C3=CSC(N)=N3)C2SC1,0.0
947,CN1CCC2=CC=CC3=C2C1CC1=CC=C(O)C(O)=C13,0.0
948,CSCC1CN(N=CC2=CC=C([N+](=O)[O-])O2)C(=O)O1,0.0
949,NC1N=CN=C2C=1C=CN2C1OC(CO)C(O)C1O,0.0
950,CCCCNC1=CC(C(=O)O)=CC(S(N)(=O)=O)=C1OC1=CC=CC=C1,0.0
951,CCNCC(O)C1=CC=CC(O)=C1,0.0
952,COC1=CC(=O)C=C(OC)C1=O,0.0
953,CC(=NN=C(S)NN=C(S)NC1=CC=CC=C1Cl)C1=CC=CC=N1,0.0
954,OC1=CC=C2C3C45CCNC(C2)C4C=CC(O)C5OC1=3,0.0
955,CC12CCCCCC(CC3=CC=C(O)C=C31)C2N,0.0
956,C[N+](C)(C)CC(=O)[O-],0.0
957,CCCOCC[n]1c(=O)c(N2CCN(CCO)CC2)nc2cnc(C3=CC=C(OC)N=C3)cc12,0.0
958,CCN1CCCC1CNC(=O)C1=CC(S(=O)(=O)CC)=C(N)C=C1OC,0.0
959,CC(=O)OC1(C(C)=O)CCC2C3C=C(Cl)C4=CC(=O)CCC4(C)C3CCC12C,0.0
960,CCC1CN2CCC1CC2C(O)C1=CC=NC2=CC=C(OCCC(C)C)C=C12,0.0
961,CC1=CC(C(C)(C)C)=C(O)C(C)=C1CC1=NCCN1,0.0
962,CCC1(C2=CC=C(N)C=C2)CCC(=O)NC1=O,0.0
963,CCNC1CN(CCCOC)S(=O)(=O)C2SC(S(N)(=O)=O)=CC1=2,0.0
964,CC1=CC(NC(=O)C2=C(O)C3=CC=CC=C3S(=O)(=O)N2C)=NO1,0.0
965,CCOC(=O)C1=CC(OC(CC)CC)C(NC(C)=O)C(N)C1,0.0
966,N#CCC1CCN(c2nc(NC3=CC=C(N4CCC(O)CC4)C=C3)c3c(=O)[nH]ncc3n2)CC1,0.0
967,CCC(=O)N(C1=CC=C(Cl)C(Cl)=C1)C1CCCC1N(C)C,0.0
968,CC(C(O)(CN1C=NC=N1)C1=CC=C(F)C=C1F)S(C)(=O)=O,0.0
969,OCCN(CCO)C1=NC(N2CCCCC2)=C2N=C(N(CCO)CCO)N=C(N3CCCCC3)C2=N1,0.0
970,CC1=NC=C(CO)C(CO)=C1O,0.0
971,CC1(C)CCC2(C(=O)O)CCC3(C)C(C2C1)=CCC1C2(C)CCC(O)C(C)(C)C2CCC31C,0.0
972,CC1=NN=C(SCC2=C(C(=O)O)N3C(=O)C(NC(=O)CN4C=NN=N4)C3SC2)S1,0.0
973,O=c1[nH]cnc2nc[nH]c12,0.0
974,Nc1nc(=O)[n](C2C=CC(CO)O2)cc1F,0.0
975,Nc1cc[n](C2SC(CO)C(O)C2F)c(=O)n1,0.0
976,O=C(O)C1=CC=CC=C1NC1=CC=CC(C(F)(F)F)=C1,0.0
977,COC(=O)C1C(O)CCC2CN3CCC4=C(NC5=CC=CC=C54)C3CC12,0.0
978,CCN1CCN(C(=O)NC(C(=O)NC2C(=O)N3C(C(=O)O)=C(CSC4=NN=NN4C)CSC23)C2=CC=C(O)C=C2)C(=O)C1=O,0.0
979,NC(=O)C1C=NC=CN=1,0.0
980,C1=CC=C2NC(C3=CSC=N3)=NC2=C1,0.0
981,CN(C)CC#CC=C1C2=CC=CC=C2C=CC2=CC=CC=C12,0.0
982,CCC(=O)OC1(C(=O)CCl)C(C)CC2C3CCC4=CC(=O)C=CC4(C)C3(F)C(O)CC12C,0.0
983,CC[n]1cc(C(=O)O)c(=O)c2ccc(C)nc12,0.0
984,CCC1(C)CC(=O)NC(=O)C1,0.0
985,CCCCN1CCCCC1C(=O)NC1=C(C)C=CC=C1C,0.0
986,COC1=CC(NC(C)CCCN)=C2N=CC=CC2=C1,0.0
987,O=C(OC1CC2=C(O)C=C(O)C=C2OC1C1=CC(O)=C(O)C(O)=C1)C1=CC(O)=C(O)C(O)=C1,0.0
988,CCC(C)(C)C1=CC=C(CC(C)CN2CC(C)OC(C)C2)C=C1,0.0
989,CCOCC1=NC2C(N)=NC3=CC=CC=C3C=2N1CC(C)(C)O,0.0
990,CCC1C(=O)N(C)C2=CN=C(NC3=CC=C(C(=O)NC4CCC(N5CCN(CC6CC6)CC5)CC4)C=C3OC)N=C2N1C(C)C,0.0
991,CC12CC(O)C3C(CCC4=CC(=O)CCC43C)C1CCC2C(=O)CO,0.0
992,CCC(=O)OC(CC1=CC=CC=C1)(C1=CC=CC=C1)C(C)CN(C)C,0.0
993,N=C(N)NCC1=CC=CC(I)=C1,0.0
994,COc1cc2c(c(=O)c(C(=O)O)c[n]2C(CO)C(C)C)cc1CC1=CC=CC(Cl)=C1F,0.0
995,CCN1CC(NC(=O)C2=CC(Cl)=C(N)C=C2OC)CN1CC,0.0
996,CCC(=O)OCC(=O)C1(OC(=O)CC)C(C)CC2C3CCC4=CC(=O)C=CC4(C)C3(F)C(O)CC12C,0.0
997,CC1=C2C3OC(=O)C(C)C3CCC2(C)C=CC1=O,0.0
998,CCOC1=NC2=CC=CC(C(=O)O)=C2N1CC1=CC=C(C2=CC=CC=C2C2=NN=NN2)C=C1,0.0
999,CC(C)(N)C(=O)NC(COCC1=CC=CC=C1)C(=O)N1CCC2(CN(S(C)(=O)=O)C3=CC=CC=C23)CC1,0.0
1000,N=C(N)NCCCCNC(=N)N,0.0
1001,COC1=CC=C(CN(CCN(C)C)C2N=CC=CN=2)C=C1,0.0
1002,CC1=CC(C)=C2C3=CC=CC=C3N(CC3=CC=C(C(C(=O)NC(CO)C4=CC=CC=C4)C4CCCC4)C=C3)C2=N1,0.0
1003,Cc1cc(C2CCCCC2)[n](O)c(=O)c1,0.0
1004,CCC(C)(CN(C)C)OC(=O)C1=CC=CC=C1,0.0
1005,CC(C)NC(=N)NC(=N)NC1=CC=C(Cl)C=C1,0.0
1006,OC(C1=NCCN1)(C1=CC=C(Cl)C=C1)C1=CC=CC=N1,0.0
1007,Cc1cc(=O)[nH]c(=S)[nH]1,0.0
1008,CNC1N=CC=C(C2=CC3=CC(C(=O)NC(CN(C4=CC=CC=C4)C4N=CC=CN=4)C(N)=O)=CC=C3N2)N=1,0.0
1009,CC(C)C1N=C(N(C)S(C)(=O)=O)N=C(C2=CC=C(F)C=C2)C=1C=CC(O)CC(O)CC(=O)O,0.0
1010,CC(C)C[n]1c(=O)[n](C)c(=O)c2nc[nH]c12,0.0
1011,COC1=CC=C(c2ccc3ncc4c(c3c2)[n](C2=CC=C(N3CCNCC3)C(C(F)(F)F)=C2)c(=O)[n]4C)C=N1,0.0
1012,CC(=O)SCC(CC1=CC=CC=C1)C(=O)NCC(=O)OCC1=CC=CC=C1,0.0
1013,O=C1CC2C3C4C5(C6CC3C(=CCO2)CN6CC5)C2=CC=CC=C2N14,0.0
1014,NC1=NC=CS1,0.0
1015,O=C(CCCCCCNC(=O)C1=CN=C(N(C2=CC=CC=C2)C2=CC=CC=C2)N=C1)NO,0.0
1016,CCOC1=CC=C2C=CC=CC2=C1C(=O)NC1C(=O)N2C(C(=O)O)C(C)(C)SC12,0.0
1017,CCOC(=O)C(CCC1=CC=CC=C1)NC1CCC2=CC=CC=C2N(CC(=O)O)C1=O,0.0
1018,COC1C=COC2(C)OC3=C(C)C(O)=C4C(O)=C(C(C=NN5CCN(C6CCCC6)CC5)=C(O)C4=C3C2=O)NC(=O)C(C)=CC=CC(C)C(O)C(C)C(O)C(C)C(OC(C)=O)C1C,0.0
1019,CCOC1=CC=C(CC2=NC3=CC([N+](=O)[O-])=CC=C3N2CCN(CC)CC)C=C1,0.0
1020,CCCC(=O)C1=CC(F)=CC=C1OCC(O)CNC(C)(C)C,0.0
1021,CNCCC1=CC=C(OC(=O)C(C)C)C(OC(=O)C(C)C)=C1,0.0
1022,COc1c(N2CC3CCCNC3C2)c(F)cc2c(=O)c(C(=O)O)c[n](C3CC3)c12,0.0
1023,CCC12C=CCN3CCC4(C5=CC=C(OC)C=C5N(C)C4C(O)(C(=O)OC)C1OC(C)=O)C23,0.0
1024,CN=C(NC#N)NCCSCC1=CSC(N=C(N)N)=N1,0.0
1025,CNCCCC12CCC(C3=CC=CC=C31)C1=CC=CC=C21,0.0
1026,CNC(=C[N+](=O)[O-])NCCSCC1=CSC(CN(C)C)=N1,0.0
1027,CC(=O)OC1=CC=CC2=C1C(=O)C1=C(OC(C)=O)C=C(C(=O)O)C=C1C2=O,0.0
1028,Cc1[nH]c(=O)c(C#N)cc1C1=CC=NC=C1,0.0
1029,COC1=C(OC2OC(CO)C(O)C(O)C2O)C=C2C(c3ccc(SC)c(=O)cc3C(NC(C)=O)CC2)=C1OC,0.0
1030,CC=CCC=CCCC(=O)C1OC1C(N)=O,0.0
1031,CN(C)C1C(O)=C(C(N)=O)C(=O)C2(O)C(O)=C3C(=O)C4=C(O)C=CC(Cl)=C4C(O)C3CC12,0.0
1032,O=C1C2=CC=CC=C2C(=O)C1C1=CC=C(Br)C=C1,0.0
1033,COC1=CC=CC(C=O)=C1O,0.0
1034,C=CCOC1=CC=CC=C1OCC(O)CNC(C)C,0.0
1035,O=C(NCC12CC3CC(CC(C3)C1)C2)C1=CC(CCCNCCCO)=CC=C1Cl,0.0
1036,CC(C(O)C1=CC=CC=C1)N(C)C,0.0
1037,CC1OC(=O)CC(O)CC(O)CCC(O)C(O)CC(O)CC2(O)CC(O)C(C(=O)O)C(O2)CC(OC2OC(C)C(O)C(N)C2O)C=CC=CC=CC=CC=CC=CC=CC(C)C(O)C1C,0.0
1038,Nc1ccc2c(=O)[nH]c(NC3=CC(Cl)=CC(Cl)=C3)nc2c1,0.0
1039,CCC(C)C(CC)C(N)=O,0.0
1040,CCc1n[n](CCCN2CCN(C3=CC=CC(Cl)=C3)CC2)c(=O)[n]1CCOC1=CC=CC=C1,0.0
1041,CCNC(=O)NCCCOC1=CC=CC(CN2CCCCC2)=C1,0.0
1042,CC(=O)N(C)C1(C2=CC=CC=C2)CCN(CCCC2(C3=CC=C(Cl)C(Cl)=C3)CCCN(C(=O)C3=CC=CC=C3)C2)CC1,0.0
1043,CS(=O)(=O)C1=CC=C(C2=CN=C(N)C(C3=CC=C(C(F)(F)F)N=C3)=C2)C=C1,0.0
1044,NCCC(=O)NCCC1=CNC=N1,0.0
1045,CN(C)CCOC(=O)COC1=CC=C(Cl)C=C1,0.0
1046,CC12CC(O)C3C(CCC4=CC(=O)C=CC43C)C1CCC2(O)C(=O)COC(=O)C1=CC=CC(S(=O)(=O)O)=C1,0.0
1047,CN1CCC2=C(C3=CC=CC=C3N2CC2=CC=CC=C2)C1,0.0
1048,O=C(CCCN1CCN(C2=CC=CC=N2)CC1)C1=CC=C(F)C=C1,0.0
1049,CC1=CC=CC(C2NC(CNC3=CC=CC=C3F)=NC=2C2C=CC3=NC=NN3C=2)=N1,0.0
1050,O=C(O)CCC1CCC(C2=CC(F)=CC=C2F)(S(=O)(=O)C2=CC=C(Cl)C=C2)CC1,0.0
1051,CC1C2C(CC3C4CC=C5CC(O)CCC5(C)C4CCC32C)OC21CCC(C)CN2,0.0
1052,CNC(C)CC=CC1=CN=CC(OC(C)C)=C1,0.0
1053,O=C(CN1C=CN=C1)C1=CC=C2C=CC=CC2=C1,0.0
1054,OC(C1=CC=CC=C1)(C1=CC=CC=C1)C1CN2CCC1CC2,0.0
1055,CC(C)(C)NC(=O)C1=NN(C2=CC=C(F)C=C2F)C2=C1C1CCC2C1,0.0
1056,Cc1nc2cccc[n]2c(=O)c1CCN1CCC2OC3=CC=CC=C3C=2C1,0.0
1057,NCCC(=O)NC(CC1=CN=CN1)C(=O)O,0.0
1058,CN1C(C(=O)NC2=NC=CS2)=C(O)C2=CC=CC=C2S1(=O)=O,0.0
1059,CCOC(=O)C1(C2=CC=CC=C2)CCN(CCC2=CC=C(N)C=C2)CC1,0.0
1060,CC(=O)OC1=CC(C)=C(OC(C)=O)C2=CC=CC=C12,0.0
1061,COC1=CC(F)=C(C(C)C)C=C1C1=CC=C(C(F)(F)F)C=C1CN1C(=O)OC(C2=CC(C(F)(F)F)=CC(C(F)(F)F)=C2)C1C,0.0
1062,CC1=CC=CC=C1[n]1c(C)nc2ccccc2c1=O,0.0
1063,CC1=CC(O)=CC(C)=C1Cl,0.0
1064,Cc1nc2scc[n]2c(=O)c1CCN1CCC(=C(C2=CC=C(F)C=C2)C2=CC=C(F)C=C2)CC1,0.0
1065,O=c1cc(C2=CC=C(O)C=C2)oc2cc(O)cc(O)c12,0.0
1066,CC(CC1=CC=CC(C(F)(F)F)=C1)NCCOC(=O)C1=CC=CC=C1,0.0
1067,COC1=CC=C2C=C1OC1=CC3=C(CC[N+](C)(C)C3CC3=CC=C(OC4=C(OC)C(OC)=CC5=C4C(C2)[N+](C)(C)CC5)C=C3)C=C1OC,0.0
1068,CC(C(=O)O)C1CCC2C3CC=C4CC(O)CCC4(C)C3CCC12C,0.0
1069,CCN1C(=O)OC(C)(C)C1=O,0.0
1070,O=C1OC(C2=CC=C(O)C=C2)(C2=CC=C(O)C=C2)C2=CC=CC=C12,0.0
1071,CCOC(=O)N=c1c[n+](N2CCOCC2)[n-]o1,0.0
1072,CC(C)(CNC(N)=O)NCC(O)COC(=O)C1=CC=CC=C1F,0.0
1073,CNC(=O)C1=CC=C2C=C(C3(O)CCN4C=NC=C34)C=CC2=C1,0.0
1074,C=C(C)C1CC=C(CO)CC1,0.0
1075,NC1=NCC(CN2CCN(C3=CC=CC=C3)CC2)O1,0.0
1076,C[n]1c(=O)c2[nH]c(Br)nc2[n](C)c1=O,0.0
1077,O=C(OC(C(F)(F)F)C(F)(F)F)N1CCN(CC2=CC=C(C(F)(F)F)C=C2N2CCCC2)CC1,0.0
1078,O=C(O)C1=CC=CC=C1C(=O)NC1=CC=C(S(=O)(=O)NC2=NC=CS2)C=C1,0.0
1079,CC12CCC3C(=CCC4=CC(O)=CC=C43)C1CCC2=O,0.0
1080,C=C1C(O)C(CO)OC1[n]1ccc(N)nc1=O,0.0
1081,O=c1cc(CO)occ1O,0.0
1082,CC(=O)OC1(C2=CC=CC=C2)CCN(CCC2=CC=CC=C2)CC1,0.0
1083,CC1CC(=O)NN=C1C1=CC=C2C(OCC(=O)N2)=C1,0.0
1084,NCCC1=CC=C(O)C=C1,0.0
1085,CC(CCC1=CC=C(O)C=C1)NCCC1=CC=C(O)C(O)=C1,0.0
1086,COC1=CC=CC=C1OCC(O)CO,0.0
1087,CC(CC(C(N)=O)(C1=CC=CC=C1)C1=CC=CC=C1)N(C)C,0.0
1088,FC(F)(F)C1=CC=CC(C2=CCN(CCC3=CC=C4C=CC=CC4=C3)CC2)=C1,0.0
1089,C#CC1(OC(C)=O)CCC2C3CCC4=CC(=O)CCC4C3CCC12C,0.0
1090,COC1=CC=C(C(=O)NC2=C(Cl)C=NC=C2Cl)C=C1OC1CCCC1,0.0
1091,O=C(O)CNC(=O)C1=NC(Cl)=C2C=CC=CC2=C1O,0.0
1092,CNC(=O)C1=CC=CC2=CC(OC3=CC=NC4=CC(OCC5(N)CC5)=C(OC)C=C34)=CC=C12,0.0
1093,OC1CCCC2=NC3=CC=CC=C3C(NCC3=CC=CC=C3)=C12,0.0
1094,CC[N+](C)(CC)CCC[N+]1=C(C2=CC=CC=C2)C2=CC(N)=CC=C2C2=CC=C(N)C=C12,0.0
1095,CCCS(=O)(=O)NC1CC(N(C)C2N=CN=C3NC=CC=23)C1,0.0
1096,CC(C)CC1SC(N)=NC=1C1=CC=C(P(=O)(O)O)O1,0.0
1097,O=C1CCC2=CC=C(OCCCCN3CCN(C4=CC=CC(Cl)=C4Cl)CC3)C=C2N1,0.0
1098,N#CC(CCN1CCC(C(=O)O)(C2=CC=CC=C2)CC1)(C1=CC=CC=C1)C1=CC=CC=C1,0.0
1099,CC1=CC(C)=NC(NS(=O)(=O)C2=CC=C(N)C=C2)=N1,0.0
1100,COC1=CC2=C(C(C)NCC2)C=C1OC,0.0
1101,CC1=CC=CC(OC2=CN=C(O)N=C2)=C1,0.0
1102,CC1=C2C(NC(=O)CN=C2C2=CC=CC=C2)=CN1C,0.0
1103,CC(C)OC(=O)C(C)NP(=O)(OCC1OC([n]2ccc(=O)[nH]c2=O)C(C)(O)C1O)OC1=CC=CC=C1,0.0
1104,CNC(=O)CN1CCC(OC2=CC3=C(NC4=CC=CC(Cl)=C4F)N=CN=C3C=C2OC)CC1,0.0
1105,O=C1NCNC2NNCC12,0.0
1106,CC(CN(C)C)CN1C2=CC=CC=C2CCC2=CC=CC=C12,0.0
1107,CC(C)C1=NC(C2=CC=CC=C2)=CC(C2=CC=C(F)C=C2)=C1C=CC1CC(O)CC(=O)O1,0.0
1108,COC1=CC=C2C(C(=O)OC2C2C3=CC4=C(C=C3CCN2C)OCO4)=C1OC,0.0
1109,OC1=CC=C2C(C34CCCCC3(O)C(C2)N(CC2CCC2)CC4)=C1,0.0
1110,CN(C)C(=O)OC1=CC=C[N+](C)=C1,0.0
1111,C[n]1c(=O)cc(N2CCCC(N)C2)[n](CC2=CC(F)=CC=C2C#N)c1=O,0.0
1112,CC(=O)OC1=CC=C(C2(C3=CC=C(OC(C)=O)C=C3)C(=O)NC3=CC=CC=C23)C=C1,0.0
1113,CN(C)CCO,0.0
1114,ClC1C(Cl)C(Cl)C(Cl)C(Cl)C1Cl,0.0
1115,O=C(OC1=CC=C2C(CCCN2C(=O)C(Cl)Cl)=C1)C1=CC=CO1,0.0
1116,CC(C)(C)NCC(O)C1=CC=CC=C1Cl,0.0
1117,CC(=O)OC1C(=O)C2(C)C(C3(OC(C)=O)COC3CC2O)C(OC(=O)C2=CC=CC=C2)C2(O)CC(OC(=O)C(O)C(NC(=O)C3=CC=CC=C3)C3=CC=CC=C3)C(C)=C1C2(C)C,0.0
1118,NC(CC1=CC(I)=C(OC2=CC=C(O)C(I)=C2)C(I)=C1)C(=O)O,0.0
1119,CCC1=CC(C(C)=NOCC2=CC=C(C3CCCCC3)C(C(F)(F)F)=C2)=CC=C1CN1CC(C(=O)O)C1,0.0
1120,CC(C)=CCCC(C)C1CCC2(C)C3=C(CCC12C)C1(C)CCC(O)C(C)(C)C1CC3,0.0
1121,CN(C(=O)c1c(O)c2ccccc2[n](C)c1=O)C1=CC=CC=C1,0.0
1122,CC(C)NCC(O)C1=CC=C(O)C(NS(C)(=O)=O)=C1,0.0
1123,CC1=CC=C2N=C(N3CCS(=O)(=O)C4=CC=CC=C4C3)N=C(NCC3(N)COC3)C2=C1,0.0
1124,CCN(CC)C(=O)NC1C=C2C3C=CC=C4NC(Br)=C(CC2N(C)C1)C=34,0.0
1125,CC1(C)CC(=O)C2C(C(F)(F)F)=NN(C3=CC=C(C(N)=O)C(NC4CCC(OC(=O)CN)CC4)=C3)C=2C1,0.0
1126,O=C(C1=CC(Cc2n[nH]c(=O)c3ccccc23)=CC=C1F)N1CCN(C(=O)C2CC2)CC1,0.0
1127,O=S(=O)(O)C1=CC=C2NC(C3=CC=CC=C3)=NC2=C1,0.0
1128,CCCN1CCOC2C3=CC(O)=CC=C3CCC12,0.0
1129,O=[N+]([O-])C1=CC([As](=O)(O)O)=CC=C1O,0.0
1130,CCCC(C)C1(CC)C(=O)NC(=S)NC1=O,0.0
1131,COC1=CC(C(=O)N2CCOCC2)=CC(OC)=C1OC,0.0
1132,CC1C(NC(=O)OCC2COCCN2)=CN2N=CN=C(NC3=CC=C4C(C=NN4CC4=CC=CC(F)=C4)=C3)C=12,0.0
1133,O=C(OC1CN2CCC1CC2)C1=CC=CC=C1,0.0
1134,CCC(C)(C)O,0.0
1135,CC1(C)C(C(=O)[O-])N2C(=O)CC2S1(=O)=O,0.0
1136,C=CC(=O)NC1=CC=CC(NC2N=C(NC3=CC=C(OCCOC)C=C3)N=CC=2F)=C1,0.0
1137,CNC(C)CC1CCCCC1,0.0
1138,CCN(CC=CC1=CC=C(C2CCCCC2)C(Cl)=C1)C1CCCCC1,0.0
1139,OC1=CC=C(C=CC2=CC(O)=CC(O)=C2)C=C1,0.0
1140,CN(C)CCN(CC1=CC=C(Cl)S1)C1=CC=CC=N1,0.0
1141,OC(CN1CCC(CC2=CC=C(F)C=C2)CC1)C1=CC=C(Cl)C=C1,0.0
1142,CC(O)(C(=O)NC1=CC=C(C(=O)C2=CC=CC=C2)C=C1)C(F)(F)F,0.0
1143,CC1N=CC(C[N+]2=CSC(CCO)=C2C)=C(N)N=1,0.0
1144,CC(N)C(=O)OC(C)(C)CC1=CC=C(Cl)C=C1,0.0
1145,O=C1C(CC[S+]([O-])C2=CC=CC=C2)C(=O)N(C2=CC=CC=C2)N1C1=CC=CC=C1,0.0
1146,CC(C)(CO)C(=O)SCCOP(=O)(NCC1=CC=CC=C1)OCC1OC([n]2cnc3c(=O)[nH]c(N)nc23)C(C)(O)C1O,0.0
1147,CC1(C)C(=O)NC2=CC=C(C3=NNC(=O)CC3)C=C12,0.0
1148,CC1=CC=CC(Cl)=C1NC(=O)CCN1CCCC2CCCC12,0.0
1149,O[n]1ccccc1=S,0.0
1150,COC1=CC(C=CC2=CC=C(O)C=C2)=CC(OC)=C1,0.0
1151,Cc1cc(C)c2nc(NC3=CC(F)=CC(F)=C3)[nH]c(=O)c2c1,0.0
1152,CC(OC1=CC=CC=C1)C(=O)NC1C(=O)N2C(C(=O)O)C(C)(C)SC12,0.0
1153,CCC=CCC=CCC=CCC=CCC=CCCCC(=O)O,0.0
1154,CCC(OC(C)=O)C(CC(C)N(C)C)(C1=CC=CC=C1)C1=CC=CC=C1,0.0
1155,O=C(O)C1=CC(O)=C(O)C(O)=C1,0.0
1156,CN(C(=O)C(C1=CC=CC=C1)C1=CC=CC=C1)C(CN1CCC(O)C1)C1=CC=CC=C1,0.0
1157,O=C1NS(=O)(=O)C2=CC=CC=C12,0.0
1158,NC(N)=NS(=O)(=O)C1=CC=C(N)C=C1,0.0
1159,O=c1[nH]c(NC2=CC(O)=CC(O)=C2)nc2cc(Cl)ccc12,0.0
1160,COC1(C)CCC2OC2(C)CCC2C1CC2(C)C,0.0
1161,NC1=CC=C(S(=O)(=O)C2=CC=C(N)C=C2)C=C1,0.0
1162,CCC1CN2CCC3=CC(OC)=C(OC)C=C3C2CC1CC1NCCC2=CC(O)=C(OC)C=C12,0.0
1163,C=CC(=O)NC1=CC=CC(NC2N=C(NC3=CC=C(N4CCN(C(C)=O)CC4)C=C3OC)N=CC=2C(F)(F)F)=C1,0.0
1164,CCOC1=CC=CC=C1OCCNC(C)CC1=CC=C(OC)C(S(N)(=O)=O)=C1,0.0
1165,O=c1[nH]c(NC2=CC=CC=C2F)nc2cc(Cl)ccc12,0.0
1166,C[N+](C)(C)CC(O)CC(=O)O,0.0
1167,CCNC(=O)CC1N=C(C2=CC=C(Cl)C=C2)C2=CC(OC)=CC=C2N2C(C)=NN=C12,0.0
1168,COCC(=O)NC1=CC(SC2=CC=CC=C2)=CC=C1NC(=NC(=O)OC)NC(=O)OC,0.0
1169,ClC1=CC=C(C(CN2C=CN=C2)OCC2C=CSC=2Cl)C(Cl)=C1,0.0
1170,CCN(CC)C(=O)NC1C=C2C3C=CC=C4NC=C(CC2N(C)C1)C=34,0.0
1171,CCN(CC)CCNC(=O)C1=CC(Br)=C(N)C=C1OC,0.0
1172,CCC1OC(=O)C(C)C(OC2CC(C)(OC)C(O)C(C)O2)C(C)C(OC2OC(C)CC(N(C)C(C)C)C2O)C2(C)CC(C)=C(O2)C(C)C(O)C1(C)O,0.0
1173,CN1N=NN=C1SCC1=C(C(=O)O)N2C(=O)C(NC(=O)C(O)C3=CC=CC=C3)C2SC1,0.0
1174,CC1=NN=C(SCC2=C(C(=O)O)N3C(=O)C(NC(=O)C(N)C4=CC=C(O)C=C4)C3SC2)S1,0.0
1175,FC(F)(F)C1=CC=C2C(N(CCCN3CCN(C4CC4)CC3)C3=CC=CC=C3S2)=C1,0.0
1176,CCOCCOC1=CC=CC=C1C(N)=O,0.0
1177,O=C(O)C=CN1C(C(=O)C2=CC=C(F)C(Cl)=C2)=C(O)C2=CC=CC=C2S1(=O)=O,0.0
